t_us,state,batteryVoltage,imu_t_us,imu_q0,imu_q1,imu_q2,imu_q3,imu_calib,imu_ax,imu_ay,imu_az,imu_gx,imu_gy,imu_gz,imu_seq,baro_t_us,baro_pressure_hPa,baro_temperature_C,baro_altitude_m,baro_seq,gnss_t_us,gnss_lat_e7,gnss_lon_e7,gnss_alt_m,gnss_speed_mps,gnss_heading_deg,gnss_sats_used,gnss_seq
8770642,1,3.983203172683716,8709553,1.0,0.0,0.0,0.0,3,0.06640625,-0.046875,-0.09765625,0.0,0.0,0.0,1,8710618,1022.0,30.139999389648438,-72.46561431884766,1,8770639,279323588,-807077883,-16.45599937438965,0.017000000923871994,178.49343872070312,15,1
8878610,2,3.983203172683716,8709553,1.0,0.0,0.0,0.0,3,0.06640625,-0.046875,-0.09765625,0.0,0.0,0.0,1,8843340,1021.96630859375,30.170000076293945,0.28008586168289185,3,8878608,279323588,-807077883,-16.465999603271484,0.00800000037997961,178.49343872070312,15,2
8920741,2,3.99609375,8895737,0.2529296875,-0.6546630859375,-0.1888427734375,-0.68682861328125,0,0.06640625,-0.046875,-0.09765625,0.0,0.0,0.0,2,8896803,1021.946044921875,30.18000030517578,0.4439096748828888,4,8920738,279323588,-807077883,-16.472999572753906,0.014999999664723873,178.49343872070312,15,3
8979872,2,4.002539157867432,8924329,0.2529296875,-0.6546630859375,-0.1888427734375,-0.68682861328125,0,0.06640625,-0.046875,-0.09765625,nan,1.4693581294386091e-39,1.4523155375154907e-39,3,8925395,1021.98779296875,30.18000030517578,0.1004081442952156,5,8979869,279323588,-807077883,-16.47800064086914,0.019999999552965164,178.49343872070312,15,4
9025436,2,3.99609375,8983063,0.2529296875,-0.6546630859375,-0.1888427734375,-0.68682861328125,3,0.00390625,0.08203125,0.09375,nan,1.4693581294386091e-39,1.4523155375154907e-39,4,8984128,1021.970947265625,30.200000762939453,0.23780876398086548,6,9025433,279323588,-807077883,-16.476999282836914,0.017999999225139618,178.49343872070312,15,5
9074341,2,3.983203172683716,9036795,0.2529296875,-0.6546630859375,-0.1888427734375,-0.68682861328125,3,0.00390625,-0.03125,0.015625,nan,1.4693581294386091e-39,1.4523155375154907e-39,5,9037861,1021.995849609375,30.200000762939453,0.03170783445239067,7,9074338,279323588,-807077883,-16.48200035095215,0.01899999938905239,178.49343872070312,15,6
9125426,2,3.9896483421325684,9076956,0.2529296875,-0.6546630859375,-0.1888427734375,-0.68682861328125,0,0.00390625,-0.03125,0.015625,nan,1.3775338436683325e-39,1.592732650133159e-39,6,9078021,1021.972412109375,30.209999084472656,0.2272394746541977,8,9125423,279323588,-807077883,-16.485000610351562,0.012000000104308128,178.49343872070312,15,7
9173602,2,3.983203172683716,9130873,0.2529296875,-0.6546630859375,-0.1888427734375,-0.68682861328125,0,0.00390625,-0.03125,0.015625,nan,1.4693637346324664e-39,1.6838843126405597e-39,7,9131939,1021.998291015625,30.209999084472656,0.015853917226195335,9,9173600,279323588,-807077883,-16.483999252319336,0.006000000052154064,178.49343872070312,15,8
9221404,2,3.983203172683716,9183956,0.2529296875,-0.6546630859375,-0.1888427734375,-0.68682861328125,0,0.00390625,-0.03125,0.015625,5.5100737175409e-40,1.4693623333340021e-39,1.711910281927056e-39,8,9185022,1021.962158203125,30.209999084472656,0.311793714761734,10,9221401,279323588,-807077883,-16.489999771118164,0.0010000000474974513,178.49343872070312,15,9
9272389,2,3.983203172683716,9223898,0.2529296875,-0.6546630859375,-0.1888427734375,-0.68682861328125,0,0.00390625,-0.03125,0.015625,nan,1.469366537229395e-39,1.850949918154293e-39,9,9224963,1021.96923828125,30.219999313354492,0.25366267561912537,11,9272386,279323588,-807077883,-16.485000610351562,0.017000000923871994,178.49343872070312,15,10
9325440,2,3.9896483421325684,9276956,0.2529296875,-0.6546630859375,-0.1888427734375,-0.68682861328125,0,0.00390625,-0.03125,0.015625,1.8365978192826782e-40,1.3775352449667968e-39,1.8802146352832525e-39,10,9278021,1021.9599609375,30.229999542236328,0.3329322636127472,12,9325437,279323588,-807077883,-16.48699951171875,0.04500000178813934,178.49343872070312,15,11
9373738,2,3.99609375,9330791,0.2529296875,-0.6546630859375,-0.1888427734375,-0.68682861328125,0,0.00390625,-0.03125,0.015625,5.605193857299268e-45,1.3775338436683325e-39,1.9677103100972298e-39,11,9331856,1021.96630859375,30.239999771118164,0.28008586168289185,13,9373735,279323588,-807077883,-16.48900032043457,0.03200000151991844,178.49343872070312,15,12
9419528,2,3.983203172683716,9382956,0.2529296875,-0.6546630859375,-0.1888427734375,-0.68682861328125,0,0.00390625,-0.03125,0.015625,2.7550088328011634e-40,1.7448716244049044e-39,2.0068611878920008e-39,12,9384022,1021.94140625,30.239999771118164,0.48618680238723755,14,9419525,279323588,-807077883,-16.489999771118164,0.003000000026077032,178.49343872070312,15,13
9470873,2,3.9896483421325684,9421898,0.2529296875,-0.6546630859375,-0.1888427734375,-0.68682861328125,3,0.00390625,0.04296875,-0.01953125,2.7550088328011634e-40,1.7448716244049044e-39,2.0068611878920008e-39,13,9422963,1021.975341796875,30.239999771118164,0.2061009258031845,15,9470870,279323588,-807077883,-16.490999221801758,0.04100000113248825,178.49343872070312,15,14
9523712,2,3.983203172683716,9474956,0.2529296875,-0.6546630859375,-0.1888427734375,-0.68682861328125,0,0.00390625,0.04296875,-0.01953125,9.183129226259824e-41,1.7448716244049044e-39,2.1605766229361116e-39,14,9476021,1021.98388671875,30.239999771118164,0.13211597502231598,16,9523709,279323588,-807077883,-16.496000289916992,0.023000000044703484,178.49343872070312,15,15
9571646,2,3.9896483421325684,9528898,0.2529296875,-0.6546630859375,-0.1888427734375,-0.68682861328125,3,-0.03515625,0.0078125,0.015625,9.183129226259824e-41,1.7448716244049044e-39,2.1605766229361116e-39,15,9529963,1022.00146484375,30.239999771118164,-0.013211597688496113,17,9571643,279323587,-807077883,-16.49799919128418,0.0430000014603138,178.49343872070312,15,16
9623843,2,3.983203172683716,9580956,0.2529296875,-0.6546630859375,-0.1888427734375,-0.68682861328125,0,-0.03515625,0.0078125,0.015625,nan,1.653040332142306e-39,2.3051415790081814e-39,16,9582022,1021.97802734375,30.25,0.17967772483825684,18,9623840,279323587,-807077883,-16.493999481201172,0.007000000216066837,178.49343872070312,15,17
9670495,2,3.9896483421325684,9633873,0.2529296875,-0.6546630859375,-0.1888427734375,-0.68682861328125,0,-0.03515625,0.0078125,0.015625,1.0101862538425104e-39,1.6530389308438418e-39,2.3942837795177403e-39,17,9634939,1022.0126953125,30.25,-0.1056927815079689,19,9670492,279323587,-807077883,-16.493000030517578,0.013000000268220901,178.49343872070312,15,18
9720445,2,3.9896483421325684,9671956,0.2529296875,-0.6546630859375,-0.1888427734375,-0.68682861328125,0,-0.03515625,0.0078125,0.015625,nan,1.7448716244049044e-39,2.4534480019799984e-39,18,9673021,1021.960205078125,30.25,0.3276476263999939,20,9720442,279323587,-807077883,-16.492000579833984,0.024000000208616257,178.49343872070312,15,19
9774425,2,3.9896483421325684,9725665,0.2529296875,-0.6546630859375,-0.1888427734375,-0.68682861328125,3,0.01171875,0.04296875,-0.06640625,nan,1.7448716244049044e-39,2.4534480019799984e-39,19,9726730,1021.959716796875,30.25,0.3329322636127472,21,9774422,279323587,-807077883,-16.503000259399414,0.010999999940395355,178.49343872070312,15,20
9821396,2,3.983203172683716,9778164,0.2529296875,-0.6546630859375,-0.1888427734375,-0.68682861328125,0,0.01171875,0.04296875,-0.06640625,nan,1.653048739933092e-39,2.565397736294908e-39,20,9779230,1021.99658203125,30.260000228881836,0.026423195376992226,22,9821393,279323587,-807077883,-16.5049991607666,0.014000000432133675,178.49343872070312,15,21
9918354,2,3.983203172683716,9887689,0.2529296875,-0.6546630859375,-0.1888427734375,-0.68682861328125,0,0.01171875,0.04296875,-0.06640625,3.6733217554271457e-40,1.6530473386346278e-39,2.677460975785428e-39,21,9888755,1021.96923828125,30.25,0.25366267561912537,23,9918351,279323587,-807077883,-16.493999481201172,0.024000000208616257,178.49343872070312,14,22
9981530,2,3.99609375,9921141,0.25274658203125,-0.65496826171875,-0.18902587890625,-0.68658447265625,0,0.01171875,0.04296875,-0.06640625,3.6733217554271457e-40,1.6530473386346278e-39,2.677460975785428e-39,22,9922206,1021.98681640625,30.25,0.1109774187207222,24,9981527,279323587,-807077883,-16.48900032043457,0.04500000178813934,178.49343872070312,14,23
10022904,2,3.983203172683716,9985623,0.25274658203125,-0.65496826171875,-0.18902587890625,-0.68658447265625,0,0.01171875,0.04296875,-0.06640625,3.6733217554271457e-40,1.6530473386346278e-39,2.677460975785428e-39,23,9986688,1021.991455078125,30.25,0.06870030611753464,25,10022901,279323587,-807077883,-16.493999481201172,0.027000000700354576,178.49343872070312,14,24
10073570,2,3.99609375,10025164,0.25274658203125,-0.65496826171875,-0.18902587890625,-0.68658447265625,0,0.01171875,0.04296875,-0.06640625,9.182989096413391e-41,1.6530473386346278e-39,2.9142257656162134e-39,24,10026230,1021.97900390625,30.25,0.17439308762550354,26,10073567,279323587,-807077883,-16.486000061035156,0.0020000000949949026,178.49343872070312,14,25
10121655,2,3.983203172683716,10078582,0.25274658203125,-0.65496826171875,-0.18902587890625,-0.68658447265625,0,0.01171875,0.04296875,-0.06640625,2.755050871755093e-40,1.7448632166141184e-39,3.017574329957097e-39,25,10079648,1021.9462890625,30.239999771118164,0.4439096748828888,27,10121652,279323587,-807077883,-16.48699951171875,0.04800000041723251,178.49343872070312,14,26
10173649,2,3.983203172683716,10131164,0.25274658203125,-0.65496826171875,-0.18902587890625,-0.68658447265625,0,0.01171875,0.04296875,-0.06640625,1.8366118322673215e-40,1.6530417334407705e-39,3.059239137196867e-39,26,10132230,1021.96044921875,30.239999771118164,0.3276476263999939,28,10173646,279323587,-807077883,-16.4950008392334,0.02199999988079071,178.49343872070312,14,27
10221472,2,3.983203172683716,10184665,0.25274658203125,-0.65496826171875,-0.18902587890625,-0.68658447265625,0,0.01171875,0.04296875,-0.06640625,nan,1.7448716244049044e-39,3.1424860750670115e-39,27,10185730,1021.980224609375,30.25,0.16382381319999695,29,10221469,279323587,-807077883,-16.503000259399414,0.008999999612569809,178.49343872070312,15,28
10272260,2,4.002539157867432,10223151,0.25274658203125,-0.65496826171875,-0.18902587890625,-0.68658447265625,3,-0.08203125,-0.046875,0.078125,nan,1.7448716244049044e-39,3.1424860750670115e-39,28,10224217,1021.94970703125,30.239999771118164,0.4174864888191223,30,10272257,279323587,-807077883,-16.499000549316406,0.026000000536441803,178.49343872070312,15,29
10325597,2,3.983203172683716,10276664,0.25274658203125,-0.65496826171875,-0.18902587890625,-0.68658447265625,3,0.0703125,-0.125,-0.19140625,nan,1.7448716244049044e-39,3.1424860750670115e-39,29,10277730,1021.981689453125,30.239999771118164,0.15325453877449036,31,10325594,279323587,-807077883,-16.493999481201172,0.014000000432133675,178.49343872070312,15,30
10371263,2,3.983203172683716,10329164,0.25274658203125,-0.65496826171875,-0.18902587890625,-0.68658447265625,0,0.0703125,-0.125,-0.19140625,nan,1.74487022310644e-39,3.3375916628518844e-39,30,10330230,1021.9677734375,30.239999771118164,0.26423195004463196,32,10371260,279323587,-807077883,-16.509000778198242,0.007000000216066837,178.49343872070312,15,31
10419646,2,3.9896483421325684,10382587,0.25274658203125,-0.65496826171875,-0.18902587890625,-0.68658447265625,3,0.1015625,-0.0859375,-0.10546875,nan,1.74487022310644e-39,3.3375916628518844e-39,31,10383652,1021.929931640625,30.239999771118164,0.576025664806366,33,10419643,279323587,-807077883,-16.511999130249023,0.023000000044703484,178.49343872070312,15,32
10471653,2,4.002539157867432,10422271,0.25274658203125,-0.65496826171875,-0.18902587890625,-0.68658447265625,3,-0.01171875,0.07421875,0.125,nan,1.74487022310644e-39,3.3375916628518844e-39,32,10423337,1021.963134765625,30.239999771118164,0.3065090775489807,34,10471650,279323587,-807077883,-16.51300048828125,0.017999999225139618,178.49343872070312,15,33
10524517,2,3.9896483421325684,10475480,0.25274658203125,-0.65496826171875,-0.18902587890625,-0.68658447265625,3,-0.05078125,0.0,0.0078125,nan,1.74487022310644e-39,3.3375916628518844e-39,33,10476546,1021.97705078125,30.239999771118164,0.19024699926376343,35,10524514,279323587,-807077883,-16.511999130249023,0.020999999716877937,178.49343872070312,15,34
10572256,2,3.9896483421325684,10528373,0.25274658203125,-0.65496826171875,-0.18902587890625,-0.68658447265625,0,-0.05078125,0.0,0.0078125,1.8365978192826782e-40,1.744882834792619e-39,3.6052046370763164e-39,34,10529439,1021.9736328125,30.239999771118164,0.2166702002286911,36,10572253,279323586,-807077883,-16.506000518798828,0.04800000041723251,178.49343872070312,15,35
10623620,2,3.9896483421325684,10580480,0.25274658203125,-0.65496826171875,-0.18902587890625,-0.68658447265625,3,-0.08984375,0.07421875,0.19921875,1.8365978192826782e-40,1.744882834792619e-39,3.6052046370763164e-39,35,10581546,1021.973876953125,30.239999771118164,0.2166702002286911,37,10623618,279323587,-807077884,-16.507999420166016,0.04899999871850014,178.49343872070312,15,36
10672305,2,4.002539157867432,10634349,0.252685546875,-0.65496826171875,-0.18902587890625,-0.6866455078125,0,-0.08984375,0.07421875,0.19921875,1.8365978192826782e-40,1.744882834792619e-39,3.6052046370763164e-39,36,10635415,1021.99462890625,30.239999771118164,0.04227711260318756,38,10672302,279323586,-807077884,-16.520000457763672,0.007000000216066837,178.49343872070312,15,37
10723760,2,3.983203172683716,10674480,0.252685546875,-0.65496826171875,-0.1890869140625,-0.6866455078125,0,-0.08984375,0.07421875,0.19921875,1.8365978192826782e-40,1.744882834792619e-39,3.6052046370763164e-39,37,10675546,1021.9423828125,30.239999771118164,0.47561752796173096,39,10723757,279323586,-807077884,-16.52400016784668,0.03999999910593033,178.49343872070312,15,38
10770439,2,4.002539157867432,10727272,0.252685546875,-0.65496826171875,-0.1890869140625,-0.6866455078125,3,-0.00390625,0.02734375,0.046875,1.8365978192826782e-40,1.744882834792619e-39,3.6052046370763164e-39,38,10728337,1021.97412109375,30.239999771118164,0.2113855630159378,40,10770436,279323586,-807077883,-16.51099967956543,0.02199999988079071,178.49343872070312,15,39
10823831,2,3.9896483421325684,10780582,0.252685546875,-0.65496826171875,-0.1890869140625,-0.6866455078125,0,-0.00390625,0.02734375,0.046875,1.8364857154055323e-40,1.83670852186136e-39,3.98340388220987e-39,39,10781648,1021.966064453125,30.239999771118164,0.28008586168289185,41,10823828,279323586,-807077883,-16.518999099731445,0.00800000037997961,178.49343872070312,15,40
10876760,2,3.99609375,10833271,0.252685546875,-0.65496826171875,-0.1890869140625,-0.6866455078125,3,-0.00390625,-0.015625,0.0,1.8364857154055323e-40,1.83670852186136e-39,3.98340388220987e-39,40,10834337,1021.965087890625,30.239999771118164,0.29065513610839844,42,10876757,279323586,-807077884,-16.538000106811523,0.017000000923871994,178.49343872070312,15,41
10977444,2,3.983203172683716,10940480,0.252685546875,-0.65496826171875,-0.1890869140625,-0.6866455078125,0,-0.00390625,-0.015625,0.0,4.591676717007058e-40,1.744874427001833e-39,4.124224568785264e-39,41,10941546,1021.979248046875,30.229999542236328,0.16910845041275024,43,10977441,279323586,-807077884,-16.552000045776367,0.03500000014901161,178.49343872070312,15,42
11024657,2,3.9896483421325684,10993349,0.25262451171875,-0.6549072265625,-0.1890869140625,-0.6866455078125,0,-0.00390625,-0.015625,0.0,4.591676717007058e-40,1.744874427001833e-39,4.124224568785264e-39,42,10994415,1021.97265625,30.239999771118164,0.2272394746541977,44,11024654,279323586,-807077884,-16.551000595092773,0.07199999690055847,178.49343872070312,15,43
11074583,2,3.983203172683716,11026504,0.25262451171875,-0.6549072265625,-0.1890869140625,-0.6866455078125,3,0.03515625,-0.015625,-0.0078125,4.591676717007058e-40,1.744874427001833e-39,4.124224568785264e-39,43,11027570,1021.978515625,30.229999542236328,0.17967772483825684,45,11074580,279323585,-807077883,-16.552000045776367,0.04399999976158142,178.49343872070312,15,44
11123272,2,3.99609375,11079349,0.25262451171875,-0.65484619140625,-0.18914794921875,-0.68670654296875,0,0.03515625,-0.015625,-0.0078125,4.591676717007058e-40,1.744874427001833e-39,4.124224568785264e-39,44,11080415,1021.9814453125,30.239999771118164,0.15325453877449036,46,11123269,279323586,-807077884,-16.56999969482422,0.00800000037997961,178.49343872070312,14,45
11174659,2,3.9896483421325684,11131504,0.25262451171875,-0.65484619140625,-0.18914794921875,-0.68670654296875,3,0.0703125,-0.046875,-0.19921875,4.591676717007058e-40,1.744874427001833e-39,4.124224568785264e-39,45,11132570,1021.948974609375,30.229999542236328,0.4227711260318756,47,11174657,279323586,-807077884,-16.56599998474121,0.007000000216066837,178.49343872070312,15,46
11220508,2,4.002539157867432,11184271,0.25262451171875,-0.65484619140625,-0.18914794921875,-0.68670654296875,3,-0.04296875,-0.0078125,0.1484375,4.591676717007058e-40,1.744874427001833e-39,4.124224568785264e-39,46,11185337,1021.96435546875,30.219999313354492,0.2959398031234741,48,11220506,279323586,-807077884,-16.555999755859375,0.019999999552965164,178.49343872070312,15,47
11272299,2,3.983203172683716,11222587,0.25262451171875,-0.65484619140625,-0.18914794921875,-0.68670654296875,3,-0.00390625,-0.046875,-0.0078125,4.591676717007058e-40,1.744874427001833e-39,4.124224568785264e-39,47,11223652,1022.00244140625,30.219999313354492,-0.02113855630159378,49,11272296,279323586,-807077884,-16.56100082397461,0.035999998450279236,178.49343872070312,16,48
11325390,2,4.002539157867432,11276271,0.25262451171875,-0.65484619140625,-0.18914794921875,-0.68670654296875,3,-0.00390625,-0.0078125,0.03125,4.591676717007058e-40,1.744874427001833e-39,4.124224568785264e-39,48,11277337,1021.96044921875,30.219999313354492,0.3276476263999939,50,11325387,279323586,-807077884,-16.555999755859375,0.008999999612569809,178.49343872070312,16,49
11372397,2,3.9896483421325684,11329504,0.25262451171875,-0.65484619140625,-0.18914794921875,-0.68670654296875,3,-0.00390625,0.02734375,-0.08203125,4.591676717007058e-40,1.744874427001833e-39,4.124224568785264e-39,49,11330570,1021.9736328125,30.229999542236328,0.2166702002286911,51,11372394,279323585,-807077884,-16.562999725341797,0.054999999701976776,178.49343872070312,16,50
11425386,2,3.99609375,11382349,0.25262451171875,-0.65484619140625,-0.18914794921875,-0.68670654296875,0,-0.00390625,0.02734375,-0.08203125,2.755050871755093e-40,1.744874427001833e-39,4.8184600578764576e-39,50,11383415,1021.927978515625,30.219999313354492,0.5918796062469482,52,11425383,279323585,-807077884,-16.55299949645996,0.020999999716877937,178.49343872070312,16,51
11472570,2,4.002539157867432,11435480,0.25262451171875,-0.65484619140625,-0.18914794921875,-0.68670654296875,3,-0.00390625,-0.0859375,0.03125,2.755050871755093e-40,1.744874427001833e-39,4.8184600578764576e-39,51,11436546,1021.9345703125,30.229999542236328,0.5390331745147705,53,11472567,279323585,-807077884,-16.56399917602539,0.017999999225139618,178.49343872070312,16,52
11523724,2,3.9896483421325684,11475271,0.25262451171875,-0.65484619140625,-0.18914794921875,-0.68670654296875,3,-0.00390625,0.06640625,0.03125,2.755050871755093e-40,1.744874427001833e-39,4.8184600578764576e-39,52,11476337,1021.964111328125,30.229999542236328,0.2959398031234741,54,11523721,279323585,-807077884,-16.552000045776367,0.003000000026077032,178.49343872070312,16,53
11572265,2,3.983203172683716,11528534,0.25262451171875,-0.65484619140625,-0.18914794921875,-0.68670654296875,0,-0.00390625,0.06640625,0.03125,5.5100737175409e-40,1.8367029166675026e-39,5.042800935522539e-39,53,11529599,1021.92431640625,30.229999542236328,0.623587429523468,55,11572262,279323584,-807077884,-16.533000946044922,0.01600000075995922,178.49343872070312,15,54
11623625,2,3.9896483421325684,11581295,0.25262451171875,-0.65484619140625,-0.18914794921875,-0.68670654296875,3,-0.04296875,0.22265625,-0.12109375,5.5100737175409e-40,1.8367029166675026e-39,5.042800935522539e-39,54,11582361,1021.963623046875,30.229999542236328,0.3012244403362274,56,11623623,279323584,-807077884,-16.54400062561035,0.03400000184774399,178.49343872070312,15,55
11673205,2,3.9896483421325684,11635534,0.25262451171875,-0.65478515625,-0.18914794921875,-0.686767578125,0,-0.04296875,0.22265625,-0.12109375,5.5100737175409e-40,1.8367029166675026e-39,5.042800935522539e-39,55,11636599,1021.93896484375,30.219999313354492,0.502040684223175,57,11673202,279323584,-807077884,-16.548999786376953,0.0430000014603138,178.49343872070312,15,56
11723566,2,3.9896483421325684,11675295,0.25262451171875,-0.65478515625,-0.18914794921875,-0.686767578125,3,-0.00390625,-0.078125,-0.0078125,5.5100737175409e-40,1.8367029166675026e-39,5.042800935522539e-39,56,11676361,1021.9375,30.219999313354492,0.5178946256637573,58,11723563,279323584,-807077884,-16.54400062561035,0.03700000047683716,178.49343872070312,15,57
11771602,2,3.99609375,11728480,0.25262451171875,-0.65478515625,-0.18914794921875,-0.686767578125,0,-0.00390625,-0.078125,-0.0078125,nan,1.744878630897226e-39,5.323462801046764e-39,57,11729546,1021.922119140625,30.219999313354492,0.6447259783744812,59,11771599,279323583,-807077883,-16.535999298095703,0.05900000035762787,178.49343872070312,15,58
11823387,2,3.99609375,11780373,0.25262451171875,-0.65478515625,-0.18914794921875,-0.686767578125,0,-0.00390625,-0.078125,-0.0078125,nan,1.8367029166675026e-39,5.378765044941343e-39,58,11781439,1021.930419921875,30.219999313354492,0.576025664806366,60,11823384,279323583,-807077883,-16.520000457763672,0.039000000804662704,178.49343872070312,15,59
11876472,2,3.99609375,11833480,0.25262451171875,-0.65478515625,-0.18914794921875,-0.686767578125,0,-0.00390625,-0.078125,-0.0078125,nan,1.7448856373895476e-39,5.4762155440458835e-39,59,11834546,1021.94384765625,30.229999542236328,0.46504825353622437,61,11876469,279323584,-807077883,-16.525999069213867,0.02500000037252903,178.49343872070312,15,60
11921632,2,3.99609375,11885271,0.2525634765625,-0.65478515625,-0.189208984375,-0.686767578125,0,-0.00390625,-0.078125,-0.0078125,nan,1.7448856373895476e-39,5.4762155440458835e-39,60,11886337,1021.973388671875,30.229999542236328,0.2219548374414444,62,11921629,279323584,-807077884,-16.5310001373291,0.05000000074505806,178.49343872070312,14,61
12025192,2,4.002539157867432,11987480,0.2525634765625,-0.65478515625,-0.189208984375,-0.686767578125,0,-0.00390625,-0.078125,-0.0078125,7.346881731593227e-40,1.8366987127721096e-39,5.623367297083097e-39,61,11988546,1021.934814453125,30.219999313354492,0.5390331745147705,63,12025189,279323584,-807077884,-16.54800033569336,0.007000000216066837,178.49343872070312,15,62
12071514,2,3.9896483421325684,12028325,0.2525634765625,-0.65478515625,-0.18914794921875,-0.68682861328125,0,-0.00390625,-0.078125,-0.0078125,7.346881731593227e-40,1.8366987127721096e-39,5.623367297083097e-39,62,12029391,1021.941162109375,30.229999542236328,0.48618680238723755,64,12071511,279323584,-807077884,-16.547000885009766,0.026000000536441803,178.49343872070312,15,63
12124678,2,3.983203172683716,12081480,0.2525634765625,-0.65478515625,-0.18914794921875,-0.68682861328125,3,-0.00390625,0.07421875,-0.0078125,7.346881731593227e-40,1.8366987127721096e-39,5.623367297083097e-39,63,12082546,1021.93408203125,30.229999542236328,0.5443178415298462,65,12124675,279323583,-807077884,-16.54599952697754,0.028999999165534973,178.49343872070312,15,64
12172278,2,3.983203172683716,12134373,0.2525634765625,-0.65478515625,-0.18914794921875,-0.68682861328125,0,-0.00390625,0.07421875,-0.0078125,nan,1.8367057192644313e-39,5.87346123790654e-39,64,12135439,1021.95703125,30.239999771118164,0.3540708124637604,66,12172276,279323583,-807077884,-16.538000106811523,0.08799999952316284,178.49343872070312,15,65
12223670,2,3.9896483421325684,12174480,0.2525634765625,-0.65478515625,-0.18914794921875,-0.68682861328125,0,-0.00390625,0.07421875,-0.0078125,nan,1.744874427001833e-39,5.978517985075436e-39,65,12175546,1021.925537109375,30.229999542236328,0.6130181550979614,67,12223668,279323583,-807077883,-16.524999618530273,0.0560000017285347,178.49343872070312,14,66
12270456,2,3.9896483421325684,12227349,0.25244140625,-0.65484619140625,-0.18896484375,-0.68682861328125,0,-0.00390625,0.07421875,-0.0078125,nan,1.744874427001833e-39,5.978517985075436e-39,66,12228415,1021.885986328125,30.239999771118164,0.9406657814979553,68,12270453,279323583,-807077884,-16.541000366210938,0.028999999165534973,178.49343872070312,14,67
12323631,2,3.99609375,12280504,0.25244140625,-0.65484619140625,-0.18896484375,-0.68682861328125,3,-0.00390625,-0.046875,-0.0078125,nan,1.744874427001833e-39,5.978517985075436e-39,67,12281570,1021.9384765625,30.239999771118164,0.5073253512382507,69,12323628,279323583,-807077884,-16.552000045776367,0.02800000086426735,178.49343872070312,14,68
12370424,2,3.983203172683716,12333271,0.25244140625,-0.65484619140625,-0.18896484375,-0.68682861328125,3,-0.04296875,0.02734375,-0.04296875,nan,1.744874427001833e-39,5.978517985075436e-39,68,12334337,1021.93505859375,30.239999771118164,0.5337485671043396,70,12370421,279323582,-807077884,-16.565000534057617,0.050999999046325684,178.49343872070312,14,69
12421659,2,3.983203172683716,12372480,0.25244140625,-0.65484619140625,-0.18896484375,-0.68682861328125,0,-0.04296875,0.02734375,-0.04296875,nan,1.7448758283002973e-39,6.228525045394091e-39,69,12373546,1021.927978515625,30.239999771118164,0.5918796062469482,71,12421656,279323582,-807077884,-16.54800033569336,0.04100000113248825,178.49343872070312,14,70
12473825,2,3.9896483421325684,12425271,0.25244140625,-0.65484619140625,-0.18896484375,-0.68682861328125,3,-0.00390625,0.02734375,0.0390625,nan,1.7448758283002973e-39,6.228525045394091e-39,70,12426337,1021.93359375,30.239999771118164,0.5496024489402771,72,12473822,279323582,-807077884,-16.562999725341797,0.027000000700354576,178.49343872070312,14,71
12521628,2,3.983203172683716,12478582,0.25244140625,-0.65484619140625,-0.18896484375,-0.68682861328125,0,-0.00390625,0.02734375,0.0390625,9.182708836720526e-41,1.83670852186136e-39,6.36280587203648e-39,71,12479648,1021.947998046875,30.239999771118164,0.4280557632446289,73,12521625,279323582,-807077884,-16.54800033569336,0.020999999716877937,178.49343872070312,14,72
12574468,2,3.99609375,12532271,0.25262451171875,-0.65435791015625,-0.18896484375,-0.68719482421875,0,-0.00390625,0.02734375,0.0390625,9.182708836720526e-41,1.83670852186136e-39,6.36280587203648e-39,72,12533337,1021.95068359375,30.229999542236328,0.4069172143936157,74,12574466,279323582,-807077884,-16.55699920654297,0.020999999716877937,178.49343872070312,14,73
12622506,2,3.9896483421325684,12585480,0.25262451171875,-0.65435791015625,-0.18896484375,-0.68719482421875,0,-0.00390625,0.02734375,0.0390625,nan,1.8366973114736453e-39,6.528216544063846e-39,73,12586546,1021.96142578125,30.229999542236328,0.3170783519744873,75,12622503,279323582,-807077884,-16.555999755859375,0.028999999165534973,178.49343872070312,14,74
12673696,2,3.9896483421325684,12624349,0.25262451171875,-0.65435791015625,-0.18896484375,-0.68719482421875,0,-0.00390625,0.02734375,0.0390625,2.7550088328011634e-40,1.7448772295987617e-39,6.578764182268971e-39,74,12625415,1021.904296875,30.209999084472656,0.7874112129211426,76,12673694,279323582,-807077884,-16.56599998474121,0.04100000113248825,178.49343872070312,14,75
12720509,2,3.9896483421325684,12677480,0.25262451171875,-0.65435791015625,-0.18896484375,-0.68719482421875,3,0.03515625,-0.0078125,-0.03515625,2.7550088328011634e-40,1.7448772295987617e-39,6.578764182268971e-39,75,12678546,1021.93017578125,30.219999313354492,0.576025664806366,77,12720506,279323582,-807077884,-16.57699966430664,0.03700000047683716,178.49343872070312,14,76
12773697,2,4.002539157867432,12730373,0.25262451171875,-0.65435791015625,-0.18896484375,-0.68719482421875,0,0.03515625,-0.0078125,-0.03515625,nan,1.7448772295987617e-39,6.709160609568253e-39,76,12731439,1021.9462890625,30.229999542236328,0.4439096748828888,78,12773694,279323582,-807077884,-16.576000213623047,0.04600000008940697,178.49343872070312,14,77
12820620,2,3.983203172683716,12783480,0.25274658203125,-0.6546630859375,-0.18896484375,-0.6868896484375,0,0.03515625,-0.0078125,-0.03515625,nan,1.7448772295987617e-39,6.709160609568253e-39,77,12784545,1021.912841796875,30.219999313354492,0.7187108993530273,79,12820617,279323581,-807077884,-16.569000244140625,0.006000000052154064,178.49343872070312,14,78
12876578,2,3.99609375,12822271,0.25274658203125,-0.6546630859375,-0.18896484375,-0.6868896484375,3,-0.00390625,0.02734375,0.0390625,nan,1.7448772295987617e-39,6.709160609568253e-39,78,12823337,1021.932861328125,30.229999542236328,0.5548871159553528,80,12876575,279323581,-807077884,-16.576000213623047,0.012000000104308128,178.49343872070312,14,79
12921615,2,3.99609375,12878271,0.25274658203125,-0.6546630859375,-0.18896484375,-0.6868896484375,3,0.04296875,0.02734375,-0.07421875,nan,1.7448772295987617e-39,6.709160609568253e-39,79,12879337,1021.92041015625,30.219999313354492,0.6552952527999878,81,12921613,279323582,-807077885,-16.613000869750977,0.05000000074505806,178.49343872070312,14,80
12979608,2,3.99609375,12930582,0.25274658203125,-0.6546630859375,-0.18896484375,-0.6868896484375,0,0.04296875,0.02734375,-0.07421875,nan,1.8367211335475388e-39,6.993748913389515e-39,80,12931648,1021.8935546875,30.219999313354492,0.877250075340271,82,12979605,279323582,-807077885,-16.613000869750977,0.017999999225139618,178.49343872070312,14,81
13073770,2,3.983203172683716,13043165,0.25274658203125,-0.6546630859375,-0.18896484375,-0.6868896484375,0,0.04296875,0.02734375,-0.07421875,nan,1.8367113244582886e-39,7.058294121954781e-39,81,13044230,1021.934326171875,30.219999313354492,0.5443178415298462,83,13073767,279323581,-807077883,-16.55699920654297,0.06499999761581421,178.49343872070312,14,82
13121344,2,3.983203172683716,13077665,0.25274658203125,-0.6546630859375,-0.18896484375,-0.6868896484375,0,0.04296875,0.02734375,-0.07421875,nan,1.8367155283536815e-39,7.140215431477674e-39,82,13078730,1021.89990234375,30.229999542236328,0.824403703212738,84,13121341,279323580,-807077884,-16.569000244140625,0.05000000074505806,178.49343872070312,14,83
13172339,2,3.983203172683716,13130165,0.25274658203125,-0.6546630859375,-0.18896484375,-0.6868896484375,0,0.04296875,0.02734375,-0.07421875,nan,1.9285384128254938e-39,7.288579307686528e-39,83,13131230,1021.93212890625,30.229999542236328,0.5601717233657837,85,13172336,279323581,-807077884,-16.575000762939453,0.02199999988079071,178.49343872070312,14,84
13220599,2,3.99609375,13183582,0.25274658203125,-0.6546630859375,-0.18896484375,-0.6868896484375,0,0.04296875,0.02734375,-0.07421875,nan,1.836726738741396e-39,7.343173895856623e-39,84,13184648,1021.929931640625,30.219999313354492,0.576025664806366,86,13220596,279323581,-807077885,-16.599000930786133,0.03999999910593033,178.49343872070312,14,85
13272157,2,3.9896483421325684,13223164,0.25274658203125,-0.6546630859375,-0.18896484375,-0.6868896484375,0,0.04296875,0.02734375,-0.07421875,9.183129226259824e-41,1.8367113244582886e-39,7.413265443743686e-39,85,13224230,1021.912353515625,30.209999084472656,0.723995566368103,87,13272155,279323581,-807077885,-16.621999740600586,0.0430000014603138,178.49343872070312,14,86
13318487,2,3.983203172683716,13276271,0.25274658203125,-0.6546630859375,-0.18896484375,-0.6868896484375,3,0.05078125,0.0,-0.0078125,9.183129226259824e-41,1.8367113244582886e-39,7.413265443743686e-39,86,13277337,1021.906005859375,30.209999084472656,0.776841938495636,88,13318484,279323581,-807077885,-16.642000198364258,0.01600000075995922,178.49343872070312,14,87
13371412,2,3.983203172683716,13328582,0.25274658203125,-0.6546630859375,-0.18896484375,-0.6868896484375,0,0.05078125,0.0,-0.0078125,nan,1.9285356102285652e-39,7.554174412122333e-39,87,13329648,1021.915771484375,30.219999313354492,0.6975723505020142,89,13371409,279323581,-807077885,-16.65399932861328,0.029999999329447746,178.49343872070312,14,88
13423596,2,3.99609375,13381271,0.25274658203125,-0.6546630859375,-0.18896484375,-0.6868896484375,3,0.05078125,-0.03125,-0.16015625,nan,1.9285356102285652e-39,7.554174412122333e-39,88,13382337,1021.921142578125,30.219999313354492,0.6500105857849121,90,13423593,279323581,-807077885,-16.64699935913086,0.01899999938905239,178.49343872070312,14,89
13471425,2,3.9896483421325684,13434480,0.25274658203125,-0.6546630859375,-0.18896484375,-0.6868896484375,0,0.05078125,-0.03125,-0.16015625,9.183549615799121e-41,1.928539814123958e-39,7.718901250499108e-39,89,13435546,1021.926025390625,30.219999313354492,0.6077334880828857,91,13471422,279323581,-807077885,-16.631999969482422,0.03200000151991844,178.49343872070312,14,90
13523276,2,3.983203172683716,13473271,0.25274658203125,-0.6546630859375,-0.18896484375,-0.6868896484375,3,0.00390625,0.06640625,0.015625,9.183549615799121e-41,1.928539814123958e-39,7.718901250499108e-39,90,13474337,1021.936279296875,30.209999084472656,0.5284639000892639,92,13523273,279323581,-807077885,-16.64299964904785,0.03500000014901161,178.49343872070312,14,91
13570646,2,3.983203172683716,13527271,0.25274658203125,-0.6546630859375,-0.18896484375,-0.6868896484375,3,0.00390625,0.03515625,0.0546875,9.183549615799121e-41,1.928539814123958e-39,7.718901250499108e-39,91,13528337,1021.934814453125,30.209999084472656,0.5390331745147705,93,13570643,279323581,-807077885,-16.66200065612793,0.019999999552965164,178.49343872070312,14,92
13623523,2,3.983203172683716,13580582,0.25274658203125,-0.6546630859375,-0.18896484375,-0.6868896484375,0,0.00390625,0.03515625,0.0546875,nan,1.928544018019351e-39,7.905824656550788e-39,92,13581648,1021.924560546875,30.209999084472656,0.623587429523468,94,13623520,279323581,-807077885,-16.68400001525879,0.007000000216066837,178.49343872070312,14,93
13669475,2,3.99609375,13633164,0.25274658203125,-0.6546630859375,-0.18896484375,-0.6868896484375,0,0.00390625,0.03515625,0.0546875,6.428316575243666e-40,1.836712725756753e-39,7.967104839694177e-39,93,13634230,1021.950927734375,30.209999084472656,0.4069172143936157,95,13669473,279323581,-807077885,-16.68000030517578,0.019999999552965164,178.49343872070312,14,94
13720472,2,3.99609375,13671689,0.25274658203125,-0.6546630859375,-0.18896484375,-0.6868896484375,0,0.00390625,0.03515625,0.0546875,1.836639858236608e-40,1.928539814123958e-39,8.05173485914861e-39,94,13672755,1021.96044921875,30.209999084472656,0.3276476263999939,96,13720469,279323581,-807077885,-16.674999237060547,0.01600000075995922,178.49343872070312,14,95
13773474,2,3.9896483421325684,13725063,0.25274658203125,-0.6546630859375,-0.18896484375,-0.6868896484375,3,-0.1875,0.02734375,0.18359375,1.836639858236608e-40,1.928539814123958e-39,8.05173485914861e-39,95,13726128,1021.92138671875,30.219999313354492,0.6500105857849121,97,13773471,279323581,-807077885,-16.680999755859375,0.020999999716877937,178.49343872070312,14,96
13821342,2,3.9896483421325684,13777767,0.252197265625,-0.655029296875,-0.188720703125,-0.686767578125,0,-0.1875,0.02734375,0.18359375,1.836639858236608e-40,1.928539814123958e-39,8.05173485914861e-39,96,13778832,1021.929931640625,30.209999084472656,0.576025664806366,98,13821339,279323581,-807077886,-16.684999465942383,0.04399999976158142,178.49343872070312,14,97
13878411,2,3.983203172683716,13830086,0.252197265625,-0.655029296875,-0.188720703125,-0.686767578125,3,-0.08984375,0.18359375,0.03125,1.836639858236608e-40,1.928539814123958e-39,8.05173485914861e-39,97,13831152,1021.896240234375,30.209999084472656,0.8561115264892578,99,13878408,279323581,-807077886,-16.69300079345703,0.03099999949336052,178.49343872070312,14,98
13925387,2,3.9896483421325684,13882665,0.252197265625,-0.655029296875,-0.188720703125,-0.686767578125,3,-0.12890625,0.02734375,0.1484375,1.836639858236608e-40,1.928539814123958e-39,8.05173485914861e-39,98,13883730,1021.938232421875,30.209999084472656,0.5073253512382507,100,13925384,279323581,-807077886,-16.69499969482422,0.04500000178813934,178.49343872070312,15,99
13977389,2,3.983203172683716,13935140,0.25152587890625,-0.65545654296875,-0.18817138671875,-0.68682861328125,0,-0.12890625,0.02734375,0.1484375,1.836639858236608e-40,1.928539814123958e-39,8.05173485914861e-39,99,13936206,1021.90380859375,30.209999084472656,0.7926958799362183,101,13977386,279323581,-807077886,-16.697999954223633,0.019999999552965164,178.49343872070312,15,100
14025350,2,3.99609375,13988664,0.25152587890625,-0.65545654296875,-0.18817138671875,-0.68682861328125,3,-0.87109375,0.82421875,0.1015625,1.836639858236608e-40,1.928539814123958e-39,8.05173485914861e-39,100,13989730,1021.93017578125,30.209999084472656,0.576025664806366,102,14025347,279323581,-807077886,-16.695999145507812,0.017999999225139618,178.49343872070312,15,101
14123267,2,3.983203172683716,14092141,0.2525634765625,-0.654296875,-0.18829345703125,-0.6875,0,-0.87109375,0.82421875,0.1015625,1.836639858236608e-40,1.928539814123958e-39,8.05173485914861e-39,101,14093206,1021.942626953125,30.209999084472656,0.47561752796173096,103,14123264,279323581,-807077886,-16.70599937438965,0.026000000536441803,178.49343872070312,15,102
14171421,2,3.9896483421325684,14128676,0.2525634765625,-0.654296875,-0.18829345703125,-0.6875,3,0.2421875,-0.1640625,0.17578125,1.836639858236608e-40,1.928539814123958e-39,8.05173485914861e-39,102,14129741,1021.91162109375,30.200000762939453,0.7292801737785339,104,14171418,279323582,-807077886,-16.72100067138672,0.039000000804662704,178.49343872070312,15,103
14224513,2,3.9896483421325684,14182140,0.2523193359375,-0.65435791015625,-0.18829345703125,-0.6875,0,0.2421875,-0.1640625,0.17578125,1.836639858236608e-40,1.928539814123958e-39,8.05173485914861e-39,103,14183206,1021.9248046875,30.209999084472656,0.6183027625083923,105,14224510,279323581,-807077886,-16.718000411987305,0.039000000804662704,178.49343872070312,15,104
14271278,2,3.9896483421325684,14234689,0.25244140625,-0.65472412109375,-0.18853759765625,-0.68701171875,0,0.2421875,-0.1640625,0.17578125,1.836639858236608e-40,1.928539814123958e-39,8.05173485914861e-39,104,14235754,1021.9072265625,30.209999084472656,0.7662726640701294,106,14271276,279323581,-807077886,-16.716999053955078,0.04600000008940697,178.49343872070312,15,105
14321264,2,3.983203172683716,14273140,0.252685546875,-0.6549072265625,-0.1885986328125,-0.68682861328125,0,0.2421875,-0.1640625,0.17578125,1.836639858236608e-40,1.928539814123958e-39,8.05173485914861e-39,105,14274206,1021.89794921875,30.209999084472656,0.8402575850486755,107,14321261,279323581,-807077886,-16.722000122070312,0.01600000075995922,178.49343872070312,15,106
14374401,2,4.002539157867432,14326271,0.252685546875,-0.6549072265625,-0.1885986328125,-0.68682861328125,3,0.15625,-0.125,0.21484375,1.836639858236608e-40,1.928539814123958e-39,8.05173485914861e-39,106,14327337,1021.92529296875,30.200000762939453,0.6183027625083923,108,14374398,279323581,-807077886,-16.716999053955078,0.01899999938905239,178.49343872070312,15,107
14422379,2,4.002539157867432,14379582,0.252685546875,-0.6549072265625,-0.1885986328125,-0.68682861328125,0,0.15625,-0.125,0.21484375,nan,1.928544018019351e-39,9.026719094268816e-39,107,14380648,1021.9208984375,30.200000762939453,0.6552952527999878,109,14422376,279323580,-807077886,-16.722000122070312,0.05700000002980232,178.49343872070312,15,108
14474440,2,3.9896483421325684,14432164,0.252685546875,-0.6549072265625,-0.1885986328125,-0.68682861328125,0,0.15625,-0.125,0.21484375,nan,1.9285243998408506e-39,9.089281465507062e-39,108,14433230,1021.906494140625,30.209999084472656,0.7715573310852051,110,14474437,279323580,-807077886,-16.716999053955078,0.07199999690055847,178.49343872070312,15,109
14522832,2,3.983203172683716,14485689,0.252685546875,-0.6549072265625,-0.1885986328125,-0.68682861328125,0,0.15625,-0.125,0.21484375,5.5103399642491214e-40,1.9285328076316365e-39,9.198707461287723e-39,109,14486754,1021.91796875,30.209999084472656,0.676433801651001,111,14522829,279323580,-807077886,-16.72800064086914,0.029999999329447746,178.49343872070312,15,110
14574353,2,3.983203172683716,14526141,0.25225830078125,-0.655029296875,-0.1884765625,-0.68682861328125,0,0.15625,-0.125,0.21484375,5.5103399642491214e-40,1.9285328076316365e-39,9.198707461287723e-39,110,14527206,1021.885498046875,30.209999084472656,0.9459503889083862,112,14574350,279323580,-807077886,-16.729000091552734,0.05900000035762787,178.49343872070312,15,111
14621566,2,3.983203172683716,14578271,0.25225830078125,-0.655029296875,-0.1884765625,-0.68682861328125,3,-0.03515625,-0.15625,0.03125,5.5103399642491214e-40,1.9285328076316365e-39,9.198707461287723e-39,111,14579337,1021.921630859375,30.209999084472656,0.6447259783744812,113,14621563,279323581,-807077886,-16.72599983215332,0.03799999877810478,178.49343872070312,15,112
14674360,2,3.9896483421325684,14631582,0.25225830078125,-0.655029296875,-0.1884765625,-0.68682861328125,0,-0.03515625,-0.15625,0.03125,nan,1.9285384128254938e-39,9.381277033010746e-39,112,14632648,1021.908447265625,30.200000762939453,0.7557033896446228,114,14674357,279323580,-807077886,-16.72599983215332,0.02800000086426735,178.49343872070312,15,113
14721420,2,3.983203172683716,14685271,0.25286865234375,-0.65484619140625,-0.18853759765625,-0.68682861328125,0,-0.03515625,-0.15625,0.03125,nan,1.9285384128254938e-39,9.381277033010746e-39,113,14686337,1021.885009765625,30.200000762939453,0.9512350559234619,115,14721417,279323580,-807077886,-16.71500015258789,0.06300000101327896,178.49343872070312,14,114
14772414,2,3.983203172683716,14723480,0.25286865234375,-0.65484619140625,-0.18853759765625,-0.68682861328125,3,0.00390625,-0.125,-0.0078125,nan,1.9285384128254938e-39,9.381277033010746e-39,114,14724546,1021.90869140625,30.190000534057617,0.7557033896446228,116,14772411,279323579,-807077886,-16.711999893188477,0.04100000113248825,178.49343872070312,14,115
14819358,2,3.983203172683716,14777271,0.25286865234375,-0.65484619140625,-0.18853759765625,-0.68682861328125,3,0.04296875,-0.046875,-0.12109375,nan,1.9285384128254938e-39,9.381277033010746e-39,115,14778337,1021.8740234375,30.200000762939453,1.0410739183425903,117,14819355,279323580,-807077886,-16.725000381469727,0.07699999958276749,178.49343872070312,14,116
14879523,2,3.9896483421325684,14830582,0.25286865234375,-0.65484619140625,-0.18853759765625,-0.68682861328125,0,0.04296875,-0.046875,-0.12109375,1.8366818971905377e-40,1.836712725756753e-39,9.657320218796556e-39,116,14831648,1021.858642578125,30.200000762939453,1.1679052114486694,118,14879520,279323580,-807077886,-16.715999603271484,0.029999999329447746,178.49343872070312,14,117
14919618,2,4.002539157867432,14883165,0.25286865234375,-0.65484619140625,-0.18853759765625,-0.68682861328125,0,0.04296875,-0.046875,-0.12109375,9.184810784417013e-41,1.928530005034708e-39,9.720395465272745e-39,117,14884230,1021.901123046875,30.200000762939453,0.8138344287872314,119,14919615,279323580,-807077886,-16.709999084472656,0.017999999225139618,178.49343872070312,14,118
14977314,2,3.99609375,14922689,0.25286865234375,-0.65484619140625,-0.18853759765625,-0.68682861328125,0,0.04296875,-0.046875,-0.12109375,9.186772602267068e-41,1.8367141270552172e-39,9.831233969905445e-39,118,14923754,1021.93505859375,30.209999084472656,0.5337485671043396,120,14977311,279323579,-807077885,-16.70199966430664,0.06599999964237213,178.49343872070312,14,119
15021586,2,3.99609375,14979140,0.2520751953125,-0.654052734375,-0.189208984375,-0.68768310546875,0,0.04296875,-0.046875,-0.12109375,9.186772602267068e-41,1.8367141270552172e-39,9.831233969905445e-39,119,14980206,1021.9091796875,30.200000762939453,0.7504187226295471,121,15021583,279323580,-807077885,-16.704999923706055,0.020999999716877937,178.49343872070312,14,120
15075372,2,3.983203172683716,15032713,0.2520751953125,-0.654052734375,-0.189208984375,-0.68768310546875,3,0.15625,-0.33203125,-0.17578125,9.186772602267068e-41,1.8367141270552172e-39,9.831233969905445e-39,120,15033778,1021.9150390625,30.200000762939453,0.7028570175170898,122,15075369,279323581,-807077886,-16.735000610351562,0.07199999690055847,178.49343872070312,14,121
15170747,2,3.99609375,15140141,0.2525634765625,-0.65411376953125,-0.188720703125,-0.68756103515625,0,0.15625,-0.33203125,-0.17578125,9.186772602267068e-41,1.8367141270552172e-39,9.831233969905445e-39,121,15141206,1021.908203125,30.209999084472656,0.7557033896446228,123,15170744,279323581,-807077886,-16.738000869750977,0.05999999865889549,178.49343872070312,14,122
15223579,2,3.9896483421325684,15174689,0.2525634765625,-0.65411376953125,-0.188720703125,-0.68756103515625,0,0.15625,-0.33203125,-0.17578125,5.509975626648397e-40,1.9285370115270295e-39,1.0084960076348418e-38,122,15175755,1021.930908203125,30.219999313354492,0.5707409977912903,124,15223576,279323580,-807077886,-16.732999801635742,0.010999999940395355,178.49343872070312,14,123
15270357,2,3.9896483421325684,15228164,0.2525634765625,-0.65411376953125,-0.188720703125,-0.68756103515625,0,0.15625,-0.33203125,-0.17578125,nan,1.9285103868562073e-39,1.0227081167898705e-38,123,15229230,1021.93212890625,30.209999084472656,0.5601717233657837,125,15270354,279323580,-807077886,-16.729999542236328,0.0560000017285347,178.49343872070312,14,124
15323479,2,4.002539157867432,15280689,0.2525634765625,-0.65411376953125,-0.188720703125,-0.68756103515625,3,0.04296875,-0.171875,0.0234375,nan,1.9285103868562073e-39,1.0227081167898705e-38,124,15281754,1021.89892578125,30.219999313354492,0.8349729776382446,126,15323476,279323580,-807077886,-16.742000579833984,0.013000000268220901,178.49343872070312,14,125
15375623,2,4.002539157867432,15333141,0.251953125,-0.65435791015625,-0.18890380859375,-0.6875,0,0.04296875,-0.171875,0.0234375,nan,1.9285103868562073e-39,1.0227081167898705e-38,125,15334206,1021.893310546875,30.219999313354492,0.8825347423553467,127,15375620,279323580,-807077886,-16.746999740600586,0.04100000113248825,178.49343872070312,14,126
15422777,2,3.9896483421325684,15385689,0.251953125,-0.65435791015625,-0.18890380859375,-0.6875,0,0.04296875,-0.171875,0.0234375,nan,1.8367239361444675e-39,1.046106578157627e-38,126,15386754,1021.90234375,30.219999313354492,0.8085497617721558,128,15422774,279323580,-807077886,-16.761999130249023,0.017999999225139618,178.49343872070312,14,127
15473668,2,3.99609375,15425140,0.25201416015625,-0.6544189453125,-0.18902587890625,-0.6873779296875,0,0.04296875,-0.171875,0.0234375,nan,1.8367239361444675e-39,1.046106578157627e-38,127,15426206,1021.8974609375,30.209999084472656,0.8455422520637512,129,15473665,279323581,-807077886,-16.767000198364258,0.06300000101327896,178.49343872070312,14,128
15520526,2,3.9896483421325684,15477271,0.25201416015625,-0.6544189453125,-0.18902587890625,-0.6873779296875,3,0.078125,-0.140625,-0.04296875,nan,1.8367239361444675e-39,1.046106578157627e-38,128,15478337,1021.944580078125,30.229999542236328,0.4597635865211487,130,15520524,279323580,-807077886,-16.763999938964844,0.017000000923871994,178.49343872070312,14,129
15573318,2,3.99609375,15530582,0.25201416015625,-0.6544189453125,-0.18902587890625,-0.6873779296875,0,0.078125,-0.140625,-0.04296875,nan,1.9285370115270295e-39,1.064038434086206e-38,129,15531648,1021.922607421875,30.229999542236328,0.6394413113594055,131,15573315,279323580,-807077886,-16.770000457763672,0.024000000208616257,178.49343872070312,14,130
15621646,2,3.99609375,15584164,0.25201416015625,-0.6544189453125,-0.18902587890625,-0.6873779296875,0,0.078125,-0.140625,-0.04296875,nan,1.836712725756753e-39,1.0702177399243391e-38,130,15585230,1021.90576171875,30.219999313354492,0.776841938495636,132,15621644,279323580,-807077886,-16.7810001373291,0.01899999938905239,178.49343872070312,14,131
15673651,2,3.99609375,15624689,0.25201416015625,-0.6544189453125,-0.18902587890625,-0.6873779296875,0,0.078125,-0.140625,-0.04296875,nan,1.8367211335475388e-39,1.0805324176605412e-38,131,15625754,1021.89892578125,30.219999313354492,0.8349729776382446,133,15673648,279323580,-807077886,-16.78499984741211,0.04699999839067459,178.49343872070312,14,132
15720449,2,4.002539157867432,15678141,0.25201416015625,-0.654541015625,-0.18914794921875,-0.687255859375,0,0.078125,-0.140625,-0.04296875,nan,1.8367211335475388e-39,1.0805324176605412e-38,132,15679206,1021.925048828125,30.209999084472656,0.6183027625083923,134,15720446,279323580,-807077886,-16.78700065612793,0.01899999938905239,178.49343872070312,14,133
15773502,2,3.983203172683716,15730713,0.25201416015625,-0.654541015625,-0.18914794921875,-0.687255859375,3,0.00390625,-0.1015625,-0.04296875,nan,1.8367211335475388e-39,1.0805324176605412e-38,133,15731778,1021.9208984375,30.209999084472656,0.6552952527999878,135,15773499,279323579,-807077886,-16.78499984741211,0.052000001072883606,178.49343872070312,14,134
15819616,2,3.9896483421325684,15783140,0.25201416015625,-0.65460205078125,-0.18896484375,-0.68719482421875,0,0.00390625,-0.1015625,-0.04296875,nan,1.8367211335475388e-39,1.0805324176605412e-38,134,15784206,1021.880615234375,30.209999084472656,0.9829428791999817,136,15819613,279323580,-807077886,-16.784000396728516,0.06800000369548798,178.49343872070312,14,135
15877419,2,3.9896483421325684,15822689,0.25201416015625,-0.65460205078125,-0.18896484375,-0.68719482421875,0,0.00390625,-0.1015625,-0.04296875,nan,1.8367155283536815e-39,1.1092479659213318e-38,135,15823754,1021.903564453125,30.209999084472656,0.7979804873466492,137,15877416,279323580,-807077886,-16.770000457763672,0.09200000017881393,178.49343872070312,14,136
15923617,2,3.983203172683716,15881141,0.25177001953125,-0.65460205078125,-0.18914794921875,-0.687255859375,0,0.00390625,-0.1015625,-0.04296875,nan,1.8367155283536815e-39,1.1092479659213318e-38,136,15882206,1021.8916015625,30.209999084472656,0.8931040167808533,138,15923614,279323579,-807077886,-16.75200080871582,0.04800000041723251,178.49343872070312,14,137
15977388,2,3.99609375,15934689,0.2518310546875,-0.65460205078125,-0.1890869140625,-0.68731689453125,0,0.00390625,-0.1015625,-0.04296875,nan,1.8367155283536815e-39,1.1092479659213318e-38,137,15935754,1021.915283203125,30.209999084472656,0.6975723505020142,139,15977385,279323579,-807077885,-16.7549991607666,0.041999999433755875,178.49343872070312,14,138
16024414,2,3.9896483421325684,15987164,0.2518310546875,-0.65460205078125,-0.1890869140625,-0.68731689453125,0,0.00390625,-0.1015625,-0.04296875,1.8366538712212512e-40,1.928539814123958e-39,1.1283066059450743e-38,138,15988230,1021.85888671875,30.209999084472656,1.1626205444335938,140,16024411,279323579,-807077885,-16.768999099731445,0.03799999877810478,178.49343872070312,14,139
16069523,2,4.002539157867432,16026665,0.25164794921875,-0.6546630859375,-0.189208984375,-0.68719482421875,0,0.00390625,-0.1015625,-0.04296875,1.8366538712212512e-40,1.928539814123958e-39,1.1283066059450743e-38,139,16027730,1021.913330078125,30.209999084472656,0.7134262919425964,141,16069520,279323579,-807077885,-16.78499984741211,0.04500000178813934,178.49343872070312,14,140
16121596,2,4.002539157867432,16079165,0.25164794921875,-0.6546630859375,-0.189208984375,-0.68719482421875,0,0.00390625,-0.1015625,-0.04296875,9.183409485952689e-41,1.8367155283536815e-39,1.1417494022431887e-38,140,16080230,1021.889404296875,30.209999084472656,0.9142425656318665,142,16121593,279323579,-807077885,-16.788999557495117,0.05700000002980232,178.49343872070312,14,141
16222367,2,3.983203172683716,16185582,0.25164794921875,-0.6546630859375,-0.189208984375,-0.68719482421875,0,0.00390625,-0.1015625,-0.04296875,nan,1.9285412154224225e-39,1.1483395687910619e-38,141,16186648,1021.927001953125,30.209999084472656,0.6024488806724548,143,16222364,279323578,-807077886,-16.78700065612793,0.03799999877810478,178.49343872070312,14,142
16273659,2,3.99609375,16225271,0.25164794921875,-0.6546630859375,-0.189208984375,-0.68719482421875,3,0.04296875,0.01171875,0.03125,nan,1.9285412154224225e-39,1.1483395687910619e-38,142,16226337,1021.875732421875,30.209999084472656,1.0252200365066528,144,16273656,279323578,-807077886,-16.777999877929688,0.02500000037252903,178.49343872070312,14,143
16321572,2,3.99609375,16278558,0.25164794921875,-0.6546630859375,-0.18896484375,-0.68731689453125,0,0.04296875,0.01171875,0.03125,nan,1.9285412154224225e-39,1.1483395687910619e-38,143,16279623,1021.892333984375,30.209999084472656,0.8878193497657776,145,16321569,279323578,-807077886,-16.79400062561035,0.01899999938905239,178.49343872070312,14,144
16374358,2,3.9896483421325684,16331296,0.25164794921875,-0.6546630859375,-0.18896484375,-0.68731689453125,3,0.04296875,0.01171875,0.03125,nan,1.9285412154224225e-39,1.1483395687910619e-38,144,16332361,1021.93212890625,30.209999084472656,0.5601717233657837,146,16374355,279323578,-807077886,-16.799999237060547,0.026000000536441803,178.49343872070312,14,145
16422012,2,3.99609375,16385480,0.25164794921875,-0.6546630859375,-0.18896484375,-0.68731689453125,3,0.00390625,-0.0234375,0.03125,nan,1.9285412154224225e-39,1.1483395687910619e-38,145,16386546,1021.9052734375,30.209999084472656,0.7821266055107117,147,16422009,279323578,-807077886,-16.79800033569336,0.023000000044703484,178.49343872070312,14,146
16473460,2,4.002539157867432,16424349,0.25177001953125,-0.6546630859375,-0.18896484375,-0.687255859375,0,0.00390625,-0.0234375,0.03125,nan,1.9285412154224225e-39,1.1483395687910619e-38,146,16425415,1021.888671875,30.209999084472656,0.9195271730422974,148,16473457,279323578,-807077886,-16.809999465942383,0.028999999165534973,178.49343872070312,14,147
16520456,2,3.99609375,16477480,0.25177001953125,-0.6546630859375,-0.18896484375,-0.687255859375,0,0.00390625,-0.0234375,0.03125,nan,1.928544018019351e-39,1.197851787560897e-38,147,16478546,1021.903564453125,30.209999084472656,0.7979804873466492,149,16520453,279323578,-807077886,-16.81100082397461,0.008999999612569809,178.49343872070312,14,148
16573347,2,3.99609375,16530373,0.25177001953125,-0.6546630859375,-0.18896484375,-0.687255859375,0,0.00390625,-0.0234375,0.03125,nan,1.8367113244582886e-39,1.2033563681884578e-38,148,16531439,1021.881103515625,30.209999084472656,0.9829428791999817,150,16573344,279323578,-807077886,-16.81599998474121,0.023000000044703484,178.49343872070312,14,149
16621214,2,3.9896483421325684,16583456,0.251708984375,-0.6546630859375,-0.18890380859375,-0.68731689453125,0,0.00390625,-0.0234375,0.03125,nan,1.8367113244582886e-39,1.2033563681884578e-38,149,16584521,1021.921142578125,30.209999084472656,0.6500105857849121,151,16621211,279323577,-807077886,-16.80900001525879,0.03799999877810478,178.49343872070312,14,150
16672535,2,3.99609375,16623402,0.251708984375,-0.6546630859375,-0.18890380859375,-0.68731689453125,3,-0.03515625,-0.31640625,0.3984375,nan,1.8367113244582886e-39,1.2033563681884578e-38,150,16624468,1021.877197265625,30.209999084472656,1.0146507024765015,152,16672532,279323577,-807077886,-16.809999465942383,0.014999999664723873,178.49343872070312,14,151
16719353,2,3.983203172683716,16676349,0.2513427734375,-0.65576171875,-0.1900634765625,-0.68603515625,0,-0.03515625,-0.31640625,0.3984375,nan,1.8367113244582886e-39,1.2033563681884578e-38,151,16677415,1021.916259765625,30.209999084472656,0.6922877430915833,153,16719351,279323577,-807077886,-16.819000244140625,0.026000000536441803,178.49343872070312,14,152
16772270,2,4.002539157867432,16729504,0.2513427734375,-0.65576171875,-0.1900634765625,-0.68603515625,3,-0.03515625,0.03515625,-0.12890625,nan,1.8367113244582886e-39,1.2033563681884578e-38,152,16730570,1021.905517578125,30.209999084472656,0.7821266055107117,154,16772267,279323577,-807077886,-16.816999435424805,0.013000000268220901,178.49343872070312,15,153
16824332,2,3.9896483421325684,16781271,0.2513427734375,-0.65576171875,-0.1900634765625,-0.68603515625,3,-0.49609375,0.86328125,-1.2109375,nan,1.8367113244582886e-39,1.2033563681884578e-38,153,16782337,1021.8603515625,30.209999084472656,1.152051329612732,155,16824329,279323577,-807077886,-16.823999404907227,0.026000000536441803,178.49343872070312,15,154
16877386,2,3.9896483421325684,16834586,0.2513427734375,-0.65576171875,-0.1900634765625,-0.68603515625,3,-0.1875,0.203125,-0.421875,nan,1.8367113244582886e-39,1.2033563681884578e-38,154,16835652,1021.906494140625,30.219999313354492,0.7715573310852051,156,16877383,279323577,-807077886,-16.825000762939453,0.02800000086426735,178.49343872070312,15,155
16924697,2,3.9896483421325684,16887271,0.2513427734375,-0.65576171875,-0.1900634765625,-0.68603515625,3,-0.03515625,0.12890625,0.51171875,nan,1.8367113244582886e-39,1.2033563681884578e-38,155,16888337,1021.936767578125,30.209999084472656,0.523179292678833,157,16924694,279323577,-807077886,-16.81999969482422,0.028999999165534973,178.49343872070312,15,156
16976686,2,3.99609375,16927520,0.25250244140625,-0.650390625,-0.1912841796875,-0.6904296875,0,-0.03515625,0.12890625,0.51171875,nan,1.8367113244582886e-39,1.2033563681884578e-38,156,16928586,1021.942138671875,30.209999084472656,0.47561752796173096,158,16976683,279323577,-807077886,-16.81999969482422,0.035999998450279236,178.49343872070312,15,157
17024406,2,4.002539157867432,16981271,0.25250244140625,-0.650390625,-0.1912841796875,-0.6904296875,3,-0.02734375,0.13671875,-0.0078125,nan,1.8367113244582886e-39,1.2033563681884578e-38,157,16982337,1021.916259765625,30.219999313354492,0.6922877430915833,159,17024403,279323577,-807077886,-16.83300018310547,0.020999999716877937,178.49343872070312,14,158
17071410,2,3.9896483421325684,17034582,0.25250244140625,-0.650390625,-0.1912841796875,-0.6904296875,0,-0.02734375,0.13671875,-0.0078125,4.590891989867036e-40,1.8367449556214324e-39,1.274485437458507e-38,158,17035648,1021.933349609375,30.209999084472656,0.5496024489402771,160,17071407,279323576,-807077886,-16.833999633789062,0.006000000052154064,178.49343872070312,14,159
17124327,2,3.99609375,17075272,0.25250244140625,-0.650390625,-0.1912841796875,-0.6904296875,0,-0.02734375,0.13671875,-0.0078125,nan,1.9284865647823138e-39,1.28381219977736e-38,159,17076337,1021.917724609375,30.209999084472656,0.6817184686660767,161,17124324,279323577,-807077886,-16.8439998626709,0.04800000041723251,178.49343872070312,14,160
17171354,2,4.008984565734863,17128456,0.25189208984375,-0.65313720703125,-0.19146728515625,-0.68798828125,0,-0.02734375,0.13671875,-0.0078125,nan,1.9284865647823138e-39,1.28381219977736e-38,160,17129521,1021.8955078125,30.219999313354492,0.8613961935043335,162,17171351,279323576,-807077886,-16.822999954223633,0.00800000037997961,178.49343872070312,14,161
17372260,2,3.9896483421325684,17235373,0.25189208984375,-0.65313720703125,-0.19146728515625,-0.68798828125,0,-0.02734375,0.13671875,-0.0078125,8.26394749858596e-40,1.9284907686777068e-39,1.29458103834585e-38,161,17355166,1021.9072265625,0.0,0.7662726640701294,163,17372257,279323576,-807077886,-16.851999282836914,0.008999999612569809,178.49343872070312,14,162
17419416,2,3.99609375,17388480,0.25189208984375,-0.65313720703125,-0.19146728515625,-0.68798828125,3,-0.45703125,0.36328125,-0.3203125,8.26394749858596e-40,1.9284907686777068e-39,1.29458103834585e-38,162,17389546,1021.90869140625,30.219999313354492,0.7557033896446228,164,17419413,279323576,-807077886,-16.854999542236328,0.014000000432133675,178.49343872070312,14,163
17476643,2,4.002539157867432,17421349,0.25439453125,-0.649658203125,-0.1943359375,-0.6895751953125,0,-0.45703125,0.36328125,-0.3203125,8.26394749858596e-40,1.9284907686777068e-39,1.29458103834585e-38,163,17422415,1021.892578125,30.229999542236328,0.8878193497657776,165,17476640,279323576,-807077886,-16.847999572753906,0.003000000026077032,178.49343872070312,14,164
17521365,2,3.9896483421325684,17478271,0.25439453125,-0.649658203125,-0.1943359375,-0.6895751953125,3,-0.1484375,0.07421875,0.4765625,8.26394749858596e-40,1.9284907686777068e-39,1.29458103834585e-38,164,17479337,1021.9091796875,30.239999771118164,0.7504187226295471,166,17521362,279323576,-807077886,-16.83799934387207,0.04600000008940697,178.49343872070312,14,165
17573514,2,3.9896483421325684,17530558,0.250732421875,-0.65545654296875,-0.19329833984375,-0.6856689453125,0,-0.1484375,0.07421875,0.4765625,8.26394749858596e-40,1.9284907686777068e-39,1.29458103834585e-38,165,17531623,1021.921142578125,30.229999542236328,0.6500105857849121,167,17573511,279323576,-807077886,-16.85300064086914,0.017999999225139618,178.49343872070312,15,166
17620587,2,4.002539157867432,17583296,0.250732421875,-0.65545654296875,-0.19329833984375,-0.6856689453125,3,0.1171875,0.234375,-0.25,8.26394749858596e-40,1.9284907686777068e-39,1.29458103834585e-38,166,17584361,1021.919189453125,30.239999771118164,0.6658645272254944,168,17620584,279323576,-807077886,-16.858999252319336,0.009999999776482582,178.49343872070312,15,167
17672257,2,3.9896483421325684,17623480,0.250732421875,-0.65545654296875,-0.19329833984375,-0.6856689453125,0,0.1171875,0.234375,-0.25,nan,1.928569241391709e-39,1.3584571268944002e-38,167,17624546,1021.90234375,30.239999771118164,0.8085497617721558,169,17672254,279323576,-807077886,-16.86199951171875,0.024000000208616257,178.49343872070312,14,168
18845001,2,3.983203172683716,17676271,0.250732421875,-0.65545654296875,-0.19329833984375,-0.6856689453125,3,0.203125,0.3984375,-0.59765625,nan,1.928569241391709e-39,1.3584571268944002e-38,168,17677337,1021.933349609375,30.239999771118164,0.5496024489402771,170,17672254,279323576,-807077886,-16.86199951171875,0.024000000208616257,178.49343872070312,14,168
19211003,2,3.944531202316284,18908582,0.250732421875,-0.65545654296875,-0.19329833984375,-0.6856689453125,0,0.203125,0.3984375,-0.59765625,nan,1.9287107725366058e-39,1.372000816681946e-38,169,19110006,0.0,0.0,nan,171,17672254,279323576,-807077886,-16.86199951171875,0.024000000208616257,178.49343872070312,14,168
19518003,2,3.931640625,19215165,0.250732421875,-0.65545654296875,-0.19329833984375,-0.6856689453125,0,0.203125,0.3984375,-0.59765625,3.673784183920373e-40,2.0203374752234126e-39,1.3780859552632765e-38,170,19417006,0.0,0.0,nan,172,17672254,279323576,-807077886,-16.86199951171875,0.024000000208616257,178.49343872070312,14,168
19823003,2,3.931640625,19520582,0.250732421875,-0.65545654296875,-0.19329833984375,-0.6856689453125,0,0.203125,0.3984375,-0.59765625,9.275473393760365e-39,1.9289475919770767e-39,1.550631338421752e-38,171,19722006,0.0,0.0,nan,173,17672254,279323576,-807077886,-16.86199951171875,0.024000000208616257,178.49343872070312,14,168
20128002,2,3.9380860328674316,19825164,0.250732421875,-0.65545654296875,-0.19329833984375,-0.6856689453125,0,0.203125,0.3984375,-0.59765625,nan,1.9285636361978517e-39,1.593850185658458e-38,172,20027006,0.0,0.0,nan,174,17672254,279323576,-807077886,-16.86199951171875,0.024000000208616257,178.49343872070312,14,168
20505003,2,3.944531202316284,20202689,0.250732421875,-0.65545654296875,-0.19329833984375,-0.6856689453125,3,0.23828125,-0.09375,0.2421875,nan,1.9285636361978517e-39,1.593850185658458e-38,173,20404006,0.0,0.0,nan,175,17672254,279323576,-807077886,-16.86199951171875,0.024000000208616257,178.49343872070312,14,168
20813002,2,3.931640625,20510140,0.24871826171875,-0.6640625,-0.1866455078125,-0.67999267578125,0,0.23828125,-0.09375,0.2421875,nan,1.9285636361978517e-39,1.593850185658458e-38,174,20712006,0.0,0.0,nan,176,17672254,279323576,-807077886,-16.86199951171875,0.024000000208616257,178.49343872070312,14,168
21118002,2,3.931640625,20815689,0.24871826171875,-0.6640625,-0.1866455078125,-0.67999267578125,0,0.23828125,-0.09375,0.2421875,nan,2.020369705088092e-39,1.7352186398035564e-38,175,21017006,0.0,0.0,nan,177,17672254,279323576,-807077886,-16.86199951171875,0.024000000208616257,178.49343872070312,14,168
21423002,2,3.931640625,21120164,0.24871826171875,-0.6640625,-0.1866455078125,-0.67999267578125,0,0.23828125,-0.09375,0.2421875,1.1020189474035729e-39,1.9286322998226036e-39,1.7769544928754675e-38,176,21322006,0.0,0.0,nan,178,17672254,279323576,-807077886,-16.86199951171875,0.024000000208616257,178.49343872070312,14,168
21800003,2,3.931640625,21497665,0.24853515625,-0.664794921875,-0.1856689453125,-0.6795654296875,0,0.23828125,-0.09375,0.2421875,1.1020189474035729e-39,1.9286322998226036e-39,1.7769544928754675e-38,177,21699006,0.0,0.0,nan,179,17672254,279323576,-807077886,-16.86199951171875,0.024000000208616257,178.49343872070312,14,168
22106003,2,3.931640625,21803165,0.24853515625,-0.664794921875,-0.1856689453125,-0.6795654296875,0,0.23828125,-0.09375,0.2421875,4.591802833868847e-40,2.0203795141773423e-39,1.8607161276715584e-38,178,22005006,0.0,0.0,nan,180,17672254,279323576,-807077886,-16.86199951171875,0.024000000208616257,178.49343872070312,14,168
22411003,2,3.931640625,22108665,0.24853515625,-0.664794921875,-0.1856689453125,-0.6795654296875,3,0.0546875,0.046875,0.09765625,4.591802833868847e-40,2.0203795141773423e-39,1.8607161276715584e-38,179,22310006,0.0,0.0,nan,181,17672254,279323576,-807077886,-16.86199951171875,0.024000000208616257,178.49343872070312,14,168
22716002,2,3.9251952171325684,22413164,0.24853515625,-0.664794921875,-0.1856689453125,-0.6795654296875,0,0.0546875,0.046875,0.09765625,3.673335768411789e-40,1.928569241391709e-39,1.9564353225234258e-38,180,22615006,0.0,0.0,nan,182,17672254,279323576,-807077886,-16.86199951171875,0.024000000208616257,178.49343872070312,14,168
23091003,2,3.9380860328674316,22788689,0.24853515625,-0.664794921875,-0.1856689453125,-0.6795654296875,0,0.0546875,0.046875,0.09765625,nan,2.020373908983485e-39,2.0001130950071982e-38,181,22990006,0.0,0.0,nan,183,17672254,279323576,-807077886,-16.86199951171875,0.024000000208616257,178.49343872070312,14,168
23397003,2,3.931640625,23094165,0.24853515625,-0.664794921875,-0.1856689453125,-0.6795654296875,0,0.0546875,0.046875,0.09765625,nan,1.9285510245116727e-39,2.0422016549025798e-38,182,23296006,0.0,0.0,nan,184,17672254,279323576,-807077886,-16.86199951171875,0.024000000208616257,178.49343872070312,14,168
23702003,2,3.9380860328674316,23399665,0.24737548828125,-0.662353515625,-0.186767578125,-0.68206787109375,0,0.0546875,0.046875,0.09765625,nan,1.9285510245116727e-39,2.0422016549025798e-38,183,23601006,0.0,0.0,nan,185,17672254,279323576,-807077886,-16.86199951171875,0.024000000208616257,178.49343872070312,14,168
24007002,2,3.9251952171325684,23704164,0.24737548828125,-0.662353515625,-0.186767578125,-0.68206787109375,0,0.0546875,0.046875,0.09765625,nan,1.928548221914744e-39,2.1373237564787985e-38,184,23906006,0.0,0.0,nan,186,17672254,279323576,-807077886,-16.86199951171875,0.024000000208616257,178.49343872070312,14,168
24383003,2,3.944531202316284,24080689,0.24737548828125,-0.662353515625,-0.186767578125,-0.68206787109375,3,0.0,0.02734375,0.10546875,nan,1.928548221914744e-39,2.1373237564787985e-38,185,24282006,0.0,0.0,nan,187,17672254,279323576,-807077886,-16.86199951171875,0.024000000208616257,178.49343872070312,14,168
24689003,2,3.9380860328674316,24386165,0.24737548828125,-0.662353515625,-0.186767578125,-0.68206787109375,0,0.0,0.02734375,0.10546875,nan,1.9285538271086014e-39,2.223120076645089e-38,186,24588006,0.0,0.0,nan,188,17672254,279323576,-807077886,-16.86199951171875,0.024000000208616257,178.49343872070312,14,168
24994002,2,3.944531202316284,24691689,0.24737548828125,-0.662353515625,-0.186767578125,-0.68206787109375,0,0.0,0.02734375,0.10546875,nan,1.9285496232132084e-39,2.2764342984083303e-38,187,24893006,0.0,0.0,nan,189,17672254,279323576,-807077886,-16.86199951171875,0.024000000208616257,178.49343872070312,14,168
25299002,2,3.9251952171325684,24996164,0.24737548828125,-0.662353515625,-0.186767578125,-0.68206787109375,0,0.0,0.02734375,0.10546875,5.510045691571613e-40,2.0203711063865564e-39,2.3183747410560328e-38,188,25198006,0.0,0.0,nan,190,17672254,279323576,-807077886,-16.86199951171875,0.024000000208616257,178.49343872070312,14,168
25674003,2,3.931640625,25371665,0.24737548828125,-0.662353515625,-0.186767578125,-0.68206787109375,3,0.03515625,0.0,0.02734375,5.510045691571613e-40,2.0203711063865564e-39,2.3183747410560328e-38,189,25573006,0.0,0.0,nan,191,17672254,279323576,-807077886,-16.86199951171875,0.024000000208616257,178.49343872070312,14,168
25980003,2,3.9251952171325684,25677165,0.24737548828125,-0.662353515625,-0.186767578125,-0.68206787109375,0,0.03515625,0.0,0.02734375,nan,2.02039492846045e-39,2.457130894603937e-38,190,25879006,0.0,0.0,nan,192,17672254,279323576,-807077886,-16.86199951171875,0.024000000208616257,178.49343872070312,14,168
26285003,2,3.931640625,25982651,0.24737548828125,-0.662353515625,-0.186767578125,-0.68206787109375,3,-0.046875,0.11328125,0.01953125,nan,2.02039492846045e-39,2.457130894603937e-38,191,26184006,0.0,0.0,nan,193,17672254,279323576,-807077886,-16.86199951171875,0.024000000208616257,178.49343872070312,14,168
26592003,2,3.931640625,26289165,0.24737548828125,-0.662353515625,-0.186767578125,-0.68206787109375,0,-0.046875,0.11328125,0.01953125,nan,2.1122136090368692e-39,2.6475802478515513e-38,192,26491006,0.0,0.0,nan,194,17672254,279323576,-807077886,-16.86199951171875,0.024000000208616257,178.49343872070312,14,168
26969003,2,3.9251952171325684,26666689,0.2469482421875,-0.66046142578125,-0.1873779296875,-0.683837890625,0,-0.046875,0.11328125,0.01953125,nan,2.1122136090368692e-39,2.6475802478515513e-38,193,26868006,0.0,0.0,nan,195,17672254,279323576,-807077886,-16.86199951171875,0.024000000208616257,178.49343872070312,14,168
27275003,2,3.9380860328674316,26972165,0.2469482421875,-0.66046142578125,-0.1873779296875,-0.683837890625,0,-0.046875,0.11328125,0.01953125,nan,2.1122150103353335e-39,2.8226155982512856e-38,194,27174006,0.0,0.0,nan,196,17672254,279323576,-807077886,-16.86199951171875,0.024000000208616257,178.49343872070312,14,168
27580002,2,3.9380860328674316,27277689,0.2469482421875,-0.66046142578125,-0.1873779296875,-0.683837890625,0,-0.046875,0.11328125,0.01953125,9.182989096413391e-41,2.1122136090368692e-39,2.932419944617314e-38,195,27479006,0.0,0.0,nan,197,17672254,279323576,-807077886,-16.86199951171875,0.024000000208616257,178.49343872070312,14,168
27886003,2,3.931640625,27583165,0.2469482421875,-0.66046142578125,-0.1873779296875,-0.683837890625,0,-0.046875,0.11328125,0.01953125,nan,2.1122136090368692e-39,3.01054597737943e-38,196,27785006,0.0,0.0,nan,198,17672254,279323576,-807077886,-16.86199951171875,0.024000000208616257,178.49343872070312,14,168
28262003,2,3.9251952171325684,27959689,0.2469482421875,-0.66046142578125,-0.1873779296875,-0.683837890625,3,0.0,-0.0234375,0.00390625,nan,2.1122136090368692e-39,3.01054597737943e-38,197,28161006,0.0,0.0,nan,199,17672254,279323576,-807077886,-16.86199951171875,0.024000000208616257,178.49343872070312,14,168
28568003,2,3.9380860328674316,28265165,0.2469482421875,-0.66046142578125,-0.1873779296875,-0.683837890625,0,0.0,-0.0234375,0.00390625,nan,2.0203893232665926e-39,3.1819707421559847e-38,198,28467006,0.0,0.0,nan,200,17672254,279323576,-807077886,-16.86199951171875,0.024000000208616257,178.49343872070312,14,168
28873003,2,3.9251952171325684,28570665,0.2469482421875,-0.66046142578125,-0.1873779296875,-0.683837890625,3,0.0,-0.0234375,0.05078125,nan,2.0203893232665926e-39,3.1819707421559847e-38,199,28772006,0.0,0.0,nan,201,17672254,279323576,-807077886,-16.86199951171875,0.024000000208616257,178.49343872070312,14,168
29179003,2,3.931640625,28876165,0.2469482421875,-0.66046142578125,-0.1873779296875,-0.683837890625,0,0.0,-0.0234375,0.05078125,0.0,2.112208003843012e-39,3.3729301680446134e-38,200,29078006,0.0,0.0,nan,202,17672254,279323576,-807077886,-16.86199951171875,0.024000000208616257,178.49343872070312,14,168
29555003,2,3.931640625,29252689,0.2469482421875,-0.66046142578125,-0.1873779296875,-0.683837890625,3,0.0,-0.0234375,0.01171875,0.0,2.112208003843012e-39,3.3729301680446134e-38,201,29454006,0.0,0.0,nan,203,17672254,279323576,-807077886,-16.86199951171875,0.024000000208616257,178.49343872070312,14,168
29861003,2,3.9380860328674316,29558165,0.2469482421875,-0.66046142578125,-0.1873779296875,-0.683837890625,0,0.0,-0.0234375,0.01171875,nan,2.020382316774271e-39,3.5441635154509416e-38,202,29760006,0.0,0.0,nan,204,17672254,279323576,-807077886,-16.86199951171875,0.024000000208616257,178.49343872070312,14,168
30166003,2,3.9251952171325684,29863665,0.24578857421875,-0.66058349609375,-0.18756103515625,-0.68414306640625,0,0.0,-0.0234375,0.01171875,nan,2.020382316774271e-39,3.5441635154509416e-38,203,30065006,0.0,0.0,nan,205,17672254,279323576,-807077886,-16.86199951171875,0.024000000208616257,178.49343872070312,14,168
30472003,2,3.944531202316284,30169165,0.24578857421875,-0.66058349609375,-0.18756103515625,-0.68414306640625,0,0.0,-0.0234375,0.01171875,nan,2.1122150103353335e-39,3.735314358709797e-38,204,30371006,0.0,0.0,nan,206,17672254,279323576,-807077886,-16.86199951171875,0.024000000208616257,178.49343872070312,14,168
30848003,2,3.931640625,30545689,0.24578857421875,-0.66058349609375,-0.18756103515625,-0.68414306640625,3,0.0078125,-0.015625,0.00390625,nan,2.1122150103353335e-39,3.735314358709797e-38,205,30747006,0.0,0.0,nan,207,17672254,279323576,-807077886,-16.86199951171875,0.024000000208616257,178.49343872070312,14,168
31154003,2,3.9251952171325684,30851165,0.24578857421875,-0.66058349609375,-0.18756103515625,-0.68414306640625,0,0.0078125,-0.015625,0.00390625,1.836751962113754e-40,2.0203809154758067e-39,3.906687555702865e-38,206,31053006,0.0,0.0,nan,208,17672254,279323576,-807077886,-16.86199951171875,0.024000000208616257,178.49343872070312,14,168
31459003,2,3.9251952171325684,31156665,0.24591064453125,-0.66070556640625,-0.18780517578125,-0.68389892578125,0,0.0078125,-0.015625,0.00390625,1.836751962113754e-40,2.0203809154758067e-39,3.906687555702865e-38,207,31358006,0.0,0.0,nan,209,17672254,279323576,-807077886,-16.86199951171875,0.024000000208616257,178.49343872070312,14,168
31765003,2,3.931640625,31462165,0.24591064453125,-0.66070556640625,-0.18780517578125,-0.68389892578125,0,0.0078125,-0.015625,0.00390625,nan,2.0203851193711996e-39,4.097672765483237e-38,208,31664006,0.0,0.0,nan,210,17672254,279323576,-807077886,-16.86199951171875,0.024000000208616257,178.49343872070312,14,168
32140002,2,3.9251952171325684,31837665,0.24591064453125,-0.66070556640625,-0.18780517578125,-0.68389892578125,3,0.0,-0.1328125,-0.1015625,nan,2.0203851193711996e-39,4.097672765483237e-38,209,32039006,0.0,0.0,nan,211,17672254,279323576,-807077886,-16.86199951171875,0.024000000208616257,178.49343872070312,14,168
32446003,2,3.931640625,32143165,0.24591064453125,-0.66070556640625,-0.18780517578125,-0.68389892578125,0,0.0,-0.1328125,-0.1015625,nan,2.020390724565057e-39,4.2690804344185273e-38,210,32345006,0.0,0.0,nan,212,17672254,279323576,-807077886,-16.86199951171875,0.024000000208616257,178.49343872070312,14,168
32752003,2,3.9251952171325684,32449665,0.24591064453125,-0.66070556640625,-0.18780517578125,-0.68389892578125,3,0.16796875,-0.3515625,-0.37890625,nan,2.020390724565057e-39,4.2690804344185273e-38,211,32651006,0.0,0.0,nan,213,17672254,279323576,-807077886,-16.86199951171875,0.024000000208616257,178.49343872070312,14,168
33057002,2,3.931640625,32754164,0.24591064453125,-0.66070556640625,-0.18780517578125,-0.68389892578125,0,0.16796875,-0.3515625,-0.37890625,4.959001886057451e-39,2.0203879219681283e-39,4.459817334111021e-38,212,32956006,0.0,0.0,nan,214,17672254,279323576,-807077886,-16.86199951171875,0.024000000208616257,178.49343872070312,14,168
