t_us,p_x,p_y,p_z,v_x,v_y,v_z,roll_deg,pitch_deg,yaw_deg,r_baro,r_gps_pos_x,r_gps_pos_y,r_gps_pos_z,r_gps_vel_x,r_gps_vel_y,r_gps_vel_z
4086251,0.628794,-0.509540,6.659327,1.067562,-0.865094,19.631895,0.000000,0.000000,0.000000,13.426609,nan,nan,nan,nan,nan,nan
4153251,0.637964,-0.516971,3.741950,2.826829,-2.290706,18.276453,0.000000,0.000000,0.000000,5.391814,-0.848398,0.687495,-3.987226,-3.360022,2.739552,-18.356092
4208513,1.067799,-0.865264,3.230037,5.535414,-4.483974,17.856037,0.000000,0.000000,0.000000,3.755640,-0.848398,0.687495,-3.987226,-3.360022,2.739552,-18.356092
4262513,1.293188,-1.047431,3.086225,6.774330,-5.480965,17.668128,0.000000,0.000000,0.000000,3.342664,-1.418838,1.149567,-3.170908,-7.169405,5.791769,-17.669757
4316577,2.317530,-1.875221,3.157275,10.595191,-8.565417,17.160644,0.000000,0.000000,0.000000,3.371475,-1.418838,1.149567,-3.170908,-7.169405,5.791769,-17.669757
4372577,2.211021,-1.786736,3.342329,9.277169,-7.482958,17.207204,0.000000,0.000000,0.000000,3.184632,-3.053293,2.469207,-3.219575,-12.896381,10.393058,-16.833217
4429577,2.083438,-1.680847,3.488753,8.019053,-6.448849,16.946928,0.000000,0.000000,0.000000,3.735037,-3.697363,2.983328,-3.495986,-13.471309,10.834193,-16.423858
4484513,3.262739,-2.628100,3.607189,11.204225,-8.998028,16.177476,0.000000,0.000000,0.000000,3.839930,-3.697363,2.983328,-3.495986,-13.471309,10.834193,-16.423858
4565513,3.206120,-2.576320,3.670159,9.783410,-7.817823,15.284555,0.000000,0.000000,0.000000,3.959694,-4.892035,3.934888,-3.629494,-15.013593,12.088341,-15.164554
4622513,4.567465,-3.663961,3.702700,12.802147,-10.215805,14.409793,0.000000,0.000000,0.000000,3.781151,-4.892035,3.934888,-3.629494,-15.013593,12.088341,-15.164554
4677643,3.435090,-2.749732,3.702845,8.993564,-7.129352,13.970924,0.000000,0.000000,0.000000,3.842144,-5.379614,4.311855,-3.694309,-14.538918,11.583461,-13.899817
4758513,3.151465,-2.513378,3.581742,7.733031,-6.076007,12.969929,0.000000,0.000000,0.000000,3.844783,-4.622430,3.692289,-3.625705,-11.743362,9.264804,-13.046849
4816643,4.201052,-3.341306,3.546016,10.291663,-8.087234,12.290720,0.000000,0.000000,0.000000,3.624655,-4.622430,3.692289,-3.625705,-11.743362,9.264804,-13.046849
4871513,3.195801,-2.534293,3.426610,7.361971,-5.727260,11.878975,0.000000,0.000000,0.000000,3.768308,-4.852595,3.854918,-3.500720,-11.864442,9.336613,-11.859377
4925513,4.164842,-3.293914,3.346905,9.975670,-7.777228,11.306015,0.000000,0.000000,0.000000,3.563565,-4.852595,3.854918,-3.500720,-11.864442,9.336613,-11.859377
4982513,3.096300,-2.441666,3.299453,6.806272,-5.250972,11.223341,0.000000,0.000000,0.000000,3.500440,-4.806607,3.796885,-3.358165,-11.504194,8.984507,-11.053736
5064513,2.786889,-2.188263,3.174371,6.127583,-4.697479,10.863112,0.000000,0.000000,0.000000,3.122333,-4.114050,3.235794,-3.215184,-9.814760,7.632737,-10.656491
5122513,3.729036,-2.920468,3.167553,8.981678,-6.929123,10.585082,0.000000,0.000000,0.000000,3.006879,-4.114050,3.235794,-3.215184,-9.814760,7.632737,-10.656491
5180643,2.870645,-2.243298,3.140303,6.474934,-4.961487,10.695315,0.000000,0.000000,0.000000,3.149353,-4.414422,3.454032,-3.157813,-10.963871,8.455485,-10.331725
5263577,2.690413,-2.097109,3.091364,6.259836,-4.796768,10.637783,0.000000,0.000000,0.000000,3.176549,-3.921116,3.059076,-3.121130,-9.805297,7.546301,-10.329571
5317577,3.689850,-2.872858,3.061937,9.487807,-7.315274,10.363610,0.000000,0.000000,0.000000,3.272883,-3.921116,3.059076,-3.121130,-9.805297,7.546301,-10.329571
5375643,2.899689,-2.255698,3.099351,7.052425,-5.421947,10.675576,0.000000,0.000000,0.000000,3.353571,-4.382417,3.410713,-3.110469,-11.430926,8.814213,-10.235981
5457643,2.776568,-2.155147,3.142120,6.866615,-5.266445,10.841047,0.000000,0.000000,0.000000,3.070524,-4.019118,3.122655,-3.135701,-10.518124,8.150069,-10.410617
5512773,3.954564,-3.062883,3.108519,10.705078,-8.223330,10.521456,0.000000,0.000000,0.000000,3.180517,-4.019118,3.122655,-3.135701,-10.518124,8.150069,-10.410617
5566577,3.120071,-2.410905,3.146946,8.058861,-6.152383,10.868652,0.000000,0.000000,0.000000,3.292288,-4.710086,3.644309,-3.135416,-12.932645,9.938730,-10.319162
5624643,4.447363,-3.429685,3.178778,12.085936,-9.248617,10.643516,0.000000,0.000000,0.000000,3.021045,-4.710086,3.644309,-3.135416,-12.932645,9.938730,-10.319162
5678643,3.416713,-2.632376,3.228538,8.744919,-6.671855,11.057127,0.000000,0.000000,0.000000,3.572906,-5.304635,4.088758,-3.197972,-14.525962,11.108902,-10.405883
5760513,3.329685,-2.566268,3.252677,8.586122,-6.579667,11.165075,0.000000,0.000000,0.000000,3.540633,-4.874337,3.755326,-3.241553,-13.318626,10.227484,-10.634155
5817513,4.785974,-3.693049,3.238953,13.238071,-10.201440,10.776881,0.000000,0.000000,0.000000,3.613677,-4.874337,3.755326,-3.241553,-13.318626,10.227484,-10.634155
5872513,3.740255,-2.892284,3.303895,9.637125,-7.464754,11.225798,0.000000,0.000000,0.000000,3.608026,-5.748845,4.439969,-3.251415,-16.104568,12.436930,-10.473259
5926643,5.299638,-4.105934,3.254442,14.572889,-11.321171,10.746019,0.000000,0.000000,0.000000,3.472593,-5.748845,4.439969,-3.251415,-16.104568,12.436930,-10.473259
5983513,4.067850,-3.075492,3.394757,10.024292,-7.565691,11.404813,0.000000,0.000000,0.000000,3.624185,-6.152366,4.918252,-3.316105,-17.392766,13.496758,-10.529644
6065513,3.946930,-2.938883,3.424624,9.605753,-7.165313,11.489746,0.000000,0.000000,0.000000,3.632250,-5.599407,4.402843,-3.386700,-15.544111,11.915320,-10.794617
6120513,5.592527,-4.199721,3.357606,15.082673,-11.408021,10.892946,0.000000,0.000000,0.000000,3.665210,-5.599407,4.402843,-3.386700,-15.544111,11.915320,-10.794617
6177513,4.328695,-3.201568,3.480469,10.327315,-7.707360,11.516469,0.000000,0.000000,0.000000,3.830160,-6.517147,5.054674,-3.415758,-18.292638,13.860679,-10.603014
6258577,4.156270,-3.055540,3.500272,9.747879,-7.291293,11.562945,0.000000,0.000000,0.000000,3.963651,-5.885226,4.538789,-3.472498,-16.113269,12.179594,-10.861082
6313577,5.939295,-4.424601,3.380980,15.938972,-12.098686,10.796249,0.000000,0.000000,0.000000,3.866866,-5.885226,4.538789,-3.472498,-16.113269,12.179594,-10.861082
6373577,4.678341,-3.457199,3.442029,11.089390,-8.431650,11.317033,0.000000,0.000000,0.000000,4.505970,-7.058423,5.432733,-3.412863,-19.798181,15.114104,-10.378414
6456513,4.462793,-3.297196,3.410432,10.226859,-7.845245,11.317459,0.000000,0.000000,0.000000,4.163686,-6.460067,4.980184,-3.389676,-17.727998,13.576783,-10.494335
6510513,6.325542,-4.739656,3.252939,16.785728,-12.945576,10.465580,0.000000,0.000000,0.000000,3.889463,-6.460067,4.980184,-3.389676,-17.727998,13.576783,-10.494335
6568513,4.741459,-3.122619,3.397464,10.437530,-6.718802,11.346237,0.000000,0.000000,0.000000,3.775466,-7.458199,6.449084,-3.244879,-20.744604,16.019336,-10.023465
6622577,6.735964,-4.596774,3.215199,17.500120,-12.206211,10.400115,0.000000,0.000000,0.000000,4.000147,-7.458199,6.449084,-3.244879,-20.744604,16.019336,-10.023465
6676513,4.820719,-2.941319,3.345230,10.122357,-6.169742,11.307723,0.000000,0.000000,0.000000,3.785571,-7.792160,6.213261,-3.209357,-21.288877,15.184814,-9.952023
6733513,3.801220,-2.090885,3.388694,6.115743,-3.223932,11.736889,0.000000,0.000000,0.000000,3.805362,-6.663723,5.115844,-3.270441,-17.287733,11.804527,-10.413095
6787382,5.218290,-3.117162,3.296476,11.982103,-7.835298,11.000721,0.000000,0.000000,0.000000,3.641883,-6.663723,5.115844,-3.270441,-17.287733,11.804527,-10.413095
6868577,4.571887,-3.020367,3.285277,9.352879,-7.677624,11.151782,0.000000,0.000000,0.000000,3.836296,-7.248595,4.776550,-3.183175,-19.610496,13.818116,-10.027406
6925513,6.552839,-4.599103,3.151051,16.676980,-13.462990,10.261198,0.000000,0.000000,0.000000,3.758549,-7.248595,4.776550,-3.183175,-19.610496,13.818116,-10.027406
6980577,4.644674,-2.942496,3.305208,9.270001,-7.049400,11.249427,0.000000,0.000000,0.000000,3.627049,-7.646060,6.304080,-3.120172,-20.845834,16.754295,-9.755220
7061513,4.264010,-2.564399,3.293087,8.431729,-6.199579,11.296030,0.000000,0.000000,0.000000,3.815617,-6.431014,5.171249,-3.200232,-16.761945,12.965079,-10.268537
7116513,6.133950,-4.013204,3.151590,15.797844,-12.005113,10.361075,0.000000,0.000000,0.000000,3.692677,-6.431014,5.171249,-3.200232,-16.761945,12.965079,-10.268537
7177513,4.511665,-3.128863,3.303374,9.213563,-8.322205,11.187351,0.000000,0.000000,0.000000,3.921972,-7.356155,5.110309,-3.199320,-20.263900,15.521258,-9.939427
7259577,4.286717,-2.770848,3.262714,9.059969,-7.225910,11.170203,0.000000,0.000000,0.000000,4.134098,-6.351408,5.468191,-3.199054,-17.110111,14.556384,-10.157671
7314577,6.196362,-4.278423,3.133658,16.519245,-13.092242,10.259621,0.000000,0.000000,0.000000,3.603780,-6.351408,5.468191,-3.199054,-17.110111,14.556384,-10.157671
7372577,4.533421,-3.251413,3.274559,9.604709,-8.655096,11.139822,0.000000,0.000000,0.000000,3.540038,-7.431518,5.402763,-3.120562,-21.329504,16.877838,-9.683989
7454577,4.268680,-2.799795,3.278147,9.015746,-6.970165,11.260135,0.000000,0.000000,0.000000,3.964923,-6.387717,5.604390,-3.186259,-17.593946,14.918902,-10.136898
7508577,6.270872,-4.370671,3.103709,17.127054,-13.368277,10.197584,0.000000,0.000000,0.000000,4.011912,-6.387717,5.604390,-3.186259,-17.593946,14.918902,-10.136898
7565513,4.577087,-2.867147,3.256398,9.897819,-7.082536,11.206311,0.000000,0.000000,0.000000,3.845327,-7.486507,6.160264,-3.108259,-21.800855,17.063827,-9.675668
7619643,6.673362,-4.482413,3.097761,18.115453,-13.574072,10.170614,0.000000,0.000000,0.000000,3.780387,-7.486507,6.160264,-3.108259,-21.800855,17.063827,-9.675668
7674643,4.724684,-2.883339,3.231642,10.060467,-7.137424,11.190255,0.000000,0.000000,0.000000,4.097933,-7.875412,6.246261,-3.079949,-22.845779,17.304422,-9.595192
7732643,3.669198,-2.030175,3.316922,5.438035,-3.579432,11.795199,0.000000,0.000000,0.000000,3.674767,-6.797400,5.300349,-3.192474,-18.811563,13.975160,-10.141598
7788513,5.257751,-3.234809,3.229252,12.763737,-9.295529,10.896454,0.000000,0.000000,0.000000,3.771847,-6.797400,5.300349,-3.192474,-18.811563,13.975160,-10.141598
7869577,4.587527,-3.140304,3.226547,9.763145,-8.757300,11.128056,0.000000,0.000000,0.000000,3.847615,-7.650455,5.216146,-3.116043,-22.441312,16.833518,-9.646663
7927577,3.591797,-2.552183,3.309848,5.342763,-5.831201,11.700470,0.000000,0.000000,0.000000,3.718999,-6.644348,4.962968,-3.190323,-18.725135,15.747486,-10.053427
7981513,5.106082,-3.828670,3.234003,12.503655,-11.455405,10.831545,0.000000,0.000000,0.000000,3.653558,-6.644348,4.962968,-3.190323,-18.725135,15.747486,-10.053427
8062643,4.481261,-3.436282,3.295980,9.596768,-9.060667,11.250344,0.000000,0.000000,0.000000,3.955104,-7.362288,5.840301,-3.175332,-21.704877,18.695022,-9.711860
8120643,6.739973,-5.300032,3.174988,18.791379,-16.296808,10.138925,0.000000,0.000000,0.000000,3.751287,-7.362288,5.840301,-3.175332,-21.704877,18.695022,-9.711860
8178577,4.743286,-3.224028,3.362145,10.158634,-7.250246,11.421950,0.000000,0.000000,0.000000,4.032896,-8.246244,7.364934,-3.158830,-24.750375,20.971681,-9.412577
8260643,4.396039,-2.715695,3.381563,9.295179,-5.912643,11.525154,0.000000,0.000000,0.000000,3.766096,-6.898031,5.713584,-3.279417,-19.852689,14.871406,-10.123483
8317643,6.662250,-4.420290,3.224451,18.925374,-13.502058,10.282641,0.000000,0.000000,0.000000,3.724692,-6.898031,5.713584,-3.279417,-19.852689,14.871406,-10.123483
8372382,4.677198,-3.250323,3.375262,10.197124,-8.459392,11.319128,0.000000,0.000000,0.000000,3.811467,-7.958300,5.552955,-3.233282,-24.289339,17.711063,-9.605219
8453643,4.329059,-3.165813,3.394710,9.191440,-8.263826,11.391825,0.000000,0.000000,0.000000,3.749995,-6.786235,5.081404,-3.331248,-19.824682,16.028198,-10.080928
8510513,6.578832,-4.988202,3.245633,18.902744,-15.856991,10.164836,0.000000,0.000000,0.000000,3.494044,-6.786235,5.081404,-3.331248,-19.824682,16.028198,-10.080928
8565577,4.648834,-3.524092,3.421507,10.179166,-8.959046,11.346039,0.000000,0.000000,0.000000,3.874879,-7.869875,6.175601,-3.279143,-24.300476,20.077383,-9.516863
8619577,6.991766,-5.406700,3.240952,20.131740,-16.705276,10.056732,0.000000,0.000000,0.000000,3.638689,-7.869875,6.175601,-3.279143,-24.300476,20.077383,-9.516863
8673513,4.830089,-3.220255,3.418364,10.506999,-6.967177,11.417248,0.000000,0.000000,0.000000,4.049815,-8.414457,7.374820,-3.228309,-26.028429,21.300968,-9.305961
8730513,3.728845,-2.164806,3.512527,5.330544,-2.308831,12.121928,0.000000,0.000000,0.000000,3.577671,-7.147203,5.780545,-3.376789,-21.006084,15.062529,-10.084244
8786513,5.463649,-3.402471,3.428042,13.985424,-8.958566,11.036982,0.009356,-0.000001,0.006238,3.751167,-7.147203,5.780545,-3.376789,-21.006084,15.062529,-10.084244
8867513,4.762419,-2.763358,3.459795,10.490691,-6.407680,11.422240,0.018420,0.024172,0.006245,3.986071,-8.199837,6.243406,-3.322574,-25.679964,18.000972,-9.506704
8924513,7.359292,-4.669516,3.260729,21.733833,-15.063595,9.943721,0.037558,0.024169,0.012624,4.006372,-8.199837,6.243406,-3.322574,-25.679964,18.000972,-9.506704
8978643,4.988085,-2.904397,3.405516,10.950064,-7.373781,11.239678,0.031501,0.018111,0.012620,4.052197,-8.964972,6.695715,-3.236449,-28.471307,20.229616,-9.052346
9060643,4.571478,-2.613935,3.397405,9.739233,-6.971251,11.282069,0.052778,0.021439,0.012621,4.213785,-7.302969,5.473305,-3.348940,-21.670515,15.678159,-9.830906
9118643,6.979787,-4.451714,3.250739,20.385593,-15.258703,9.937849,0.072249,0.014948,0.012614,3.700659,-7.302969,5.473305,-3.348940,-21.670515,15.678159,-9.830906
9173513,4.837056,-2.860519,3.399283,10.511913,-8.025018,11.187272,0.059870,0.020994,0.009599,3.956605,-8.530426,6.472399,-3.239125,-27.080879,20.481210,-9.047502
9255577,4.449885,-2.592274,3.426114,9.383610,-7.324481,11.310507,0.050681,0.030352,-0.002626,3.980804,-7.109692,5.448840,-3.375124,-21.339630,16.372495,-9.801066
9312513,6.946213,-4.531786,3.226449,20.870080,-16.234817,9.787267,0.047331,0.037053,-0.003606,3.813305,-7.109692,5.448840,-3.375124,-21.339630,16.372495,-9.801066
9367643,4.848137,-2.923833,3.383390,10.905703,-8.574311,11.097737,0.047343,0.037038,0.014903,3.983022,-8.480678,6.556424,-3.221220,-27.572696,21.492202,-8.894306
9422643,7.521582,-5.005210,3.137831,22.831768,-17.831609,9.478016,0.041184,0.043197,0.008752,3.861090,-8.480678,6.556424,-3.221220,-27.572696,21.492202,-8.894306
9480577,5.044901,-3.087763,3.346330,10.888218,-8.555632,11.088820,0.054352,0.040461,0.008749,4.146288,-9.252695,7.185054,-3.160565,-29.841411,23.304372,-8.605358
9561643,4.537562,-2.698300,3.355246,9.211437,-7.248931,11.259026,0.063424,0.013246,0.008721,3.839985,-7.470779,5.810862,-3.276639,-22.522623,17.550701,-9.529601
9616577,7.034497,-4.646564,3.117045,21.002315,-16.436035,9.638300,0.072697,0.007315,0.002463,3.873990,-7.470779,5.810862,-3.276639,-22.522623,17.550701,-9.529601
9674513,4.900970,-2.986383,3.285467,10.668388,-8.382271,11.031606,0.082531,0.000602,0.012287,4.049467,-8.734827,6.805831,-3.121304,-28.387203,22.196374,-8.676471
9728513,7.595710,-5.086750,3.015207,23.060520,-18.021692,9.305449,0.088574,0.000593,0.018330,3.834620,-8.734827,6.805831,-3.121304,-28.387203,22.196374,-8.676471
9783513,5.005793,-3.067692,3.213484,10.551370,-8.261057,10.999015,0.100883,0.006768,0.006031,3.879377,-9.325784,7.267505,-3.015530,-30.448711,23.784051,-8.322019
9840513,3.776940,-2.112380,3.295734,4.487961,-3.560024,11.803896,0.100883,0.006768,0.006031,3.763490,-7.579009,5.910709,-3.152034,-23.110595,18.103836,-9.316238
9894643,5.617081,-3.557361,3.131460,14.705789,-11.598416,10.395558,0.100883,0.006768,0.006031,3.859796,-7.579009,5.910709,-3.152034,-23.110595,18.103836,-9.316238
9976577,4.844161,-2.973787,3.152511,10.534742,-8.495738,10.923004,0.100883,0.006768,0.006031,4.018691,-8.605663,6.746321,-3.006779,-28.254428,22.305854,-8.537343
10058513,4.455769,-2.701154,3.155887,9.298444,-7.743682,11.052554,0.100883,0.006768,0.006031,3.875517,-7.328979,5.791851,-3.105824,-22.967994,18.414661,-9.241722
10115513,7.041028,-4.793548,2.943197,21.733573,-17.798885,9.367636,0.100883,0.006768,0.006031,3.883586,-7.328979,5.791851,-3.105824,-22.967994,18.414661,-9.241722
10169513,4.767682,-3.002667,3.121406,10.315139,-8.815453,10.928009,0.100883,0.006768,0.006031,3.932153,-8.649683,6.935416,-2.976641,-28.966432,23.699909,-8.403028
10232513,3.606866,-2.082168,3.303136,3.863026,-3.606268,11.974025,0.100883,0.006768,0.006031,3.593079,-7.462863,6.046704,-3.147620,-23.358755,19.375135,-9.300415
10286513,5.537379,-3.662014,3.102041,14.878516,-12.482902,10.384333,0.100883,0.006768,0.006031,3.801804,-7.462863,6.046704,-3.147620,-23.358755,19.375135,-9.300415
10367577,4.735994,-3.003261,3.142963,10.322458,-8.565484,11.017436,0.100883,0.006768,0.006031,3.816957,-8.639904,7.018574,-2.981644,-29.129854,23.913009,-8.418941
10421577,7.352960,-5.111247,2.919401,22.713062,-18.445466,9.328702,0.100883,0.006768,0.006031,3.722283,-8.639904,7.018574,-2.981644,-29.129854,23.913009,-8.418941
10478513,4.842455,-2.947253,3.220944,9.799717,-7.325830,11.298660,0.100883,0.006768,0.006031,3.735340,-8.784501,7.250390,-3.043429,-29.429573,23.787038,-8.565914
10560513,4.525479,-2.614561,3.233288,9.256384,-6.642164,11.346640,0.100883,0.006768,0.006031,3.695073,-7.237417,5.811895,-3.171706,-23.152482,17.926782,-9.452816
10614513,7.026255,-4.557402,3.030832,21.701854,-16.471771,9.648571,0.100883,0.006768,0.006031,3.683683,-7.237417,5.811895,-3.171706,-23.152482,17.926782,-9.452816
10672513,4.884320,-2.852102,3.259206,10.537086,-7.757027,11.255444,0.100883,0.006768,0.006031,3.693260,-8.632131,6.795114,-3.093272,-29.867967,22.917543,-8.583343
10754513,4.553432,-2.594426,3.300142,9.552342,-7.257568,11.371919,0.100883,0.006768,0.006031,3.761316,-7.276738,5.710368,-3.263123,-23.860876,18.373237,-9.458810
10808513,7.127300,-4.632551,3.087815,22.421625,-17.573863,9.599046,0.100883,0.006768,0.006031,3.759073,-7.276738,5.710368,-3.263123,-23.860876,18.373237,-9.458810
10866643,4.933753,-2.924355,3.321136,10.661749,-8.503357,11.277561,0.100883,0.006768,0.006031,3.758637,-8.787703,6.939519,-3.148891,-30.857765,24.308050,-8.494381
10920643,7.807849,-5.222141,3.048113,24.654464,-19.707508,9.302010,0.100883,0.006768,0.006031,3.759889,-8.787703,6.939519,-3.148891,-30.857765,24.308050,-8.494381
10974513,5.037582,-3.031054,3.318929,10.211148,-8.277440,11.336626,0.100883,0.006768,0.006031,3.774438,-9.345758,7.440073,-3.125744,-32.226470,25.762533,-8.317810
11032513,3.811159,-2.057865,3.461224,3.652077,-3.041904,12.288363,0.100883,0.006768,0.006031,3.800463,-7.540022,6.026605,-3.346612,-24.068321,19.385396,-9.493937
11087643,5.834152,-3.683852,3.277435,15.775914,-12.755293,10.550477,0.100883,0.006768,0.006031,4.075191,-7.540022,6.026605,-3.346612,-24.068321,19.385396,-9.493937
11168513,4.942473,-2.975328,3.370346,10.433167,-8.477504,11.309962,0.100883,0.006768,0.006031,3.992710,-8.799036,7.055225,-3.236489,-30.636363,24.606826,-8.561517
11225513,3.867124,-2.113634,3.432659,4.587927,-3.769279,12.067210,0.100883,0.006768,0.006031,3.847837,-7.640812,6.134067,-3.336349,-25.723154,20.783815,-9.161763
11280513,5.936859,-3.775358,3.248260,16.831689,-13.565514,10.327593,0.100883,0.006768,0.006031,3.912779,-7.640812,6.134067,-3.336349,-25.723154,20.783815,-9.161763
11361513,4.962265,-2.985677,3.371587,10.372477,-8.294665,11.305253,0.100883,0.006768,0.006031,3.514227,-9.079799,7.280827,-3.189500,-32.431091,26.027807,-8.194778
11418513,7.795412,-5.247077,3.189095,24.211950,-19.324943,9.478710,0.100883,0.006768,0.006031,3.251329,-9.079799,7.280827,-3.189500,-32.431091,26.027807,-8.194778
11472577,5.040525,-3.035002,3.432958,9.941140,-7.842451,11.456916,0.100883,0.006768,0.006031,3.865235,-9.535641,7.622773,-3.240146,-33.234710,26.446729,-8.236047
11528577,3.834769,-2.064518,3.531193,3.657955,-2.757353,12.305831,0.100883,0.006768,0.006031,3.920460,-7.644947,6.085843,-3.425817,-24.974430,19.769723,-9.365725
11582577,5.821380,-3.629189,3.366124,15.878071,-12.396307,10.573956,0.100883,0.006768,0.006031,3.878734,-7.644947,6.085843,-3.425817,-24.974430,19.769723,-9.365725
11639513,4.159308,-2.303911,3.501555,5.253029,-3.934820,12.051459,0.100883,0.006768,0.006031,3.622429,-9.286718,7.344603,-3.270565,-33.520046,26.346338,-8.118360
11694643,6.479726,-4.124821,3.273967,18.783233,-14.598954,10.103404,0.100883,0.006768,0.006031,3.983324,-9.286718,7.344603,-3.270565,-33.520046,26.346338,-8.118360
11775513,5.257725,-3.156658,3.366146,11.090950,-8.574040,11.151188,0.100883,0.006768,0.006031,4.069962,-9.929566,7.823396,-3.193127,-35.527324,27.810945,-7.818192
11833513,8.443368,-5.666006,3.096777,26.895709,-21.083087,8.975851,0.100883,0.006768,0.006031,3.689871,-9.929566,7.823396,-3.193127,-35.527324,27.810945,-7.818192
11887643,5.280900,-3.181104,3.359600,10.262864,-8.063921,11.245838,0.100883,0.006768,0.006031,3.912024,-10.325952,8.137479,-3.138859,-36.454372,28.643966,-7.660343
11968577,4.752536,-2.782937,3.354228,8.917580,-7.209587,11.319121,0.100883,0.006768,0.006031,3.756438,-7.961004,6.295860,-3.301408,-26.072595,20.695337,-8.957079
12026513,3.738900,-1.997190,3.440696,3.395607,-3.016405,12.085011,0.100883,0.006768,0.006031,3.775834,-7.321411,5.842621,-3.375172,-24.652799,19.961708,-9.110973
12080513,5.764883,-3.647354,3.248503,16.332122,-13.518557,10.206912,0.100883,0.006768,0.006031,3.627955,-7.321411,5.842621,-3.375172,-24.652799,19.961708,-9.110973
12163577,5.028193,-3.077537,3.310085,11.116106,-9.371104,10.963254,0.100883,0.006768,0.006031,3.856270,-9.185162,7.416338,-3.178779,-34.346199,28.081674,-7.676115
12221643,8.222453,-5.673399,3.050513,27.185077,-22.317743,8.759485,0.100883,0.006768,0.006031,3.577799,-9.185162,7.416338,-3.178779,-34.346199,28.081674,-7.676115
12281643,5.256659,-3.263371,3.337125,10.579552,-8.729969,11.151224,0.100883,0.006768,0.006031,4.133608,-10.470274,8.484890,-3.106073,-38.094390,31.095224,-7.282301
12363577,4.711299,-2.808962,3.354556,8.796051,-7.097532,11.353619,0.100883,0.006768,0.006031,3.823684,-8.028886,6.489511,-3.315145,-26.709856,21.623716,-8.874053
12420577,7.522724,-5.060647,3.148986,23.843067,-19.111606,9.307465,0.100883,0.006768,0.006031,3.507715,-8.028886,6.489511,-3.315145,-26.709856,21.623716,-8.874053
12475513,4.957439,-2.982946,3.369095,9.939882,-7.822807,11.266621,0.100883,0.006768,0.006031,4.012582,-9.302441,7.473356,-3.248143,-33.490943,26.802885,-7.969959
12557643,4.638829,-2.709404,3.364029,9.584439,-7.433698,11.253682,0.100883,0.006768,0.006031,3.977036,-7.660940,6.121573,-3.368469,-26.288253,20.838142,-8.921480
12614513,7.724225,-5.147104,3.081698,26.412351,-20.745500,8.861777,0.100883,0.006768,0.006031,3.801050,-7.660940,6.121573,-3.368469,-26.288253,20.838142,-8.921480
12668577,5.039439,-3.002975,3.334270,11.016283,-8.456995,11.089842,0.100883,0.006768,0.006031,3.640470,-9.596167,7.611462,-3.146463,-36.514770,28.746728,-7.427388
12722643,8.250477,-5.530632,3.006295,28.069561,-21.931879,8.611910,0.100883,0.006768,0.006031,3.872511,-9.596167,7.611462,-3.146463,-36.514770,28.746728,-7.427388
12779513,5.131257,-3.062981,3.354395,10.137846,-7.787226,11.277382,0.100883,0.006768,0.006031,3.644513,-10.220070,8.067822,-3.138034,-37.757980,29.530223,-7.333586
12860513,4.695538,-2.715888,3.365812,9.277828,-7.163668,11.327843,0.100883,0.006768,0.006031,3.860980,-7.866968,6.200928,-3.371002,-26.780584,21.007890,-8.904718
12914577,7.617160,-5.021736,3.093466,25.589424,-20.100490,9.006401,0.100883,0.006768,0.006031,3.867973,-7.866968,6.200928,-3.371002,-26.780584,21.007890,-8.904718
12971577,4.983045,-2.953982,3.387810,10.121523,-8.017748,11.278749,0.100883,0.006768,0.006031,3.681568,-9.516438,7.510341,-3.207638,-35.614616,28.073747,-7.656378
13052643,4.695076,-2.743189,3.366635,9.811108,-7.931040,11.218366,0.100883,0.006768,0.006031,4.115696,-7.746767,6.140056,-3.388983,-27.183080,21.595102,-8.846129
13106513,7.670863,-5.123904,3.081663,26.169563,-21.014078,8.895843,0.100883,0.006768,0.006031,3.396471,-7.746767,6.140056,-3.388983,-27.183080,21.595102,-8.846129
13161513,4.998742,-3.005301,3.350117,10.288704,-8.417511,11.184370,0.100883,0.006768,0.006031,3.719835,-9.558918,7.623331,-3.191869,-36.355705,29.144542,-7.488622
13219513,8.165440,-5.547607,3.128394,27.011478,-21.798973,8.936845,0.100883,0.006768,0.006031,3.566165,-9.558918,7.623331,-3.191869,-36.355705,29.144542,-7.488622
13274643,5.044741,-3.051556,3.441242,9.406405,-7.678904,11.455582,0.100883,0.006768,0.006031,3.907384,-10.087111,8.076794,-3.239675,-37.204734,29.981565,-7.530315
13356513,4.604421,-2.694871,3.466398,8.647869,-6.961513,11.502605,0.100883,0.006768,0.006031,4.108819,-7.806520,6.251746,-3.497181,-26.430231,21.174287,-9.080421
13414513,7.811171,-5.247616,3.185241,26.792568,-21.354263,8.953057,0.100883,0.006768,0.006031,3.835985,-7.806520,6.251746,-3.497181,-26.430231,21.174287,-9.080421
13470577,5.083691,-3.055174,3.434000,10.929890,-8.549153,11.203479,0.100883,0.006768,0.006031,3.867925,-9.909783,7.900982,-3.260959,-38.338485,30.514131,-7.314631
13551513,4.754471,-2.767329,3.403402,10.234840,-7.798856,11.199857,0.100883,0.006768,0.006031,3.959090,-8.078426,6.397548,-3.412917,-29.336286,23.070888,-8.531570
13608513,8.081394,-5.367401,3.087036,28.834197,-22.376266,8.563123,0.100883,0.006768,0.006031,3.696074,-8.078426,6.397548,-3.412917,-29.336286,23.070888,-8.531570
13662513,5.205639,-3.099643,3.326886,11.656512,-8.885226,10.967010,0.100883,0.006768,0.006031,3.999761,-10.130635,7.955216,-3.182519,-39.939815,31.080608,-6.979434
13716513,8.438843,-5.637819,3.031595,29.061565,-22.659496,8.517968,0.100883,0.006768,0.006031,3.649821,-10.130635,7.955216,-3.182519,-39.939815,31.080608,-6.979434
13773513,5.213200,-3.120856,3.346411,10.085284,-7.961528,11.216851,0.100883,0.006768,0.006031,4.082957,-10.588530,8.317184,-3.166629,-39.962707,31.275526,-7.047605
13827643,8.367927,-5.625401,3.063159,27.462112,-21.800653,8.762871,0.100883,0.006768,0.006031,3.585102,-10.588530,8.317184,-3.166629,-39.962707,31.275526,-7.047605
13881513,5.085013,-3.046248,3.371268,9.013041,-7.327543,11.374778,0.100883,0.006768,0.006031,3.675094,-10.390635,8.218976,-3.140969,-38.552219,30.612113,-7.179987
13938577,3.818402,-2.046369,3.462014,2.049511,-1.771923,12.327408,0.100883,0.006768,0.006031,3.888887,-8.137484,6.464187,-3.360465,-28.580627,22.846021,-8.548406
13992643,5.950443,-3.738623,3.273337,17.071762,-13.603645,10.163996,0.100883,0.006768,0.006031,3.712141,-8.137484,6.464187,-3.360465,-28.580627,22.846021,-8.548406
14075577,5.051991,-3.000102,3.365273,10.979611,-8.457091,11.083628,0.100883,0.006768,0.006031,3.914385,-9.730409,7.702511,-3.209559,-38.093673,30.068893,-7.188750
14133577,3.813074,-2.008207,3.491087,3.037910,-2.051382,12.256987,0.100883,0.006768,0.006031,3.573337,-8.251672,6.476568,-3.369401,-30.751893,23.858295,-8.294713
14187513,6.113367,-3.782931,3.267614,18.872800,-14.322439,9.960680,0.100883,0.006768,0.006031,3.956930,-8.251672,6.476568,-3.369401,-30.751893,23.858295,-8.294713
14269577,5.131256,-2.999316,3.356857,11.250530,-8.359599,11.062973,0.100883,0.006768,0.006031,3.836907,-10.087655,7.838509,-3.155729,-40.232555,30.916501,-6.943663
14328513,3.827186,-1.985867,3.508936,2.506578,-1.668093,12.347257,0.100883,0.006768,0.006031,3.408990,-8.326146,6.446091,-3.371962,-30.724971,23.465576,-8.383189
14382513,6.127423,-3.764332,3.279872,18.466579,-14.107907,10.035783,0.100883,0.006768,0.006031,4.009576,-8.326146,6.446091,-3.371962,-30.724971,23.465576,-8.383189
14463513,5.101248,-2.979681,3.357679,10.766880,-8.294976,11.116580,0.100883,0.006768,0.006031,3.834811,-10.082317,7.814485,-3.146109,-40.210014,31.103874,-6.933010
14520513,8.504685,-5.626312,3.083168,29.590600,-22.945858,8.523339,0.100883,0.006768,0.006031,3.237601,-10.082317,7.814485,-3.146109,-40.210014,31.103874,-6.933010
14576513,5.163301,-3.027335,3.416227,9.863344,-7.543644,11.349043,0.100883,0.006768,0.006031,4.222093,-10.579418,8.215810,-3.204076,-40.564926,31.446844,-7.049785
14658513,4.688539,-2.648716,3.451306,9.006339,-6.786035,11.431716,0.100883,0.006768,0.006031,3.943759,-8.145534,6.310906,-3.417072,-29.093130,22.370681,-8.628797
14712513,7.858037,-5.099108,3.159291,27.845615,-21.411336,8.776278,0.100883,0.006768,0.006031,3.556967,-8.145534,6.310906,-3.417072,-29.093130,22.370681,-8.628797
14769513,5.117544,-2.988322,3.402067,11.045610,-8.548695,11.115368,0.100883,0.006768,0.006031,4.294545,-10.103581,7.821549,-3.252162,-40.193302,31.066843,-7.072564
14823513,8.593931,-5.706551,3.054005,30.761999,-24.040786,8.298272,0.100883,0.006768,0.006031,3.501681,-10.103581,7.821549,-3.252162,-40.193302,31.066843,-7.072564
14877513,5.222826,-3.106156,3.351719,10.368541,-8.397534,11.139872,0.100883,0.006768,0.006031,3.960298,-10.816912,8.433952,-3.112639,-42.856227,33.595531,-6.585381
14934513,3.845650,-2.047967,3.467674,1.706472,-1.810602,12.343258,0.100883,0.006768,0.006031,3.796891,-8.438528,6.651094,-3.329414,-30.852085,24.699737,-8.207176
14988513,6.018805,-3.808197,3.275155,17.355495,-14.416542,10.085732,0.100883,0.006768,0.006031,3.590210,-8.438528,6.651094,-3.329414,-30.852085,24.699737,-8.207176
15069513,4.989485,-3.031985,3.355491,10.026044,-8.806445,11.111534,0.100883,0.006768,0.006031,3.835752,-9.967561,7.992869,-3.152556,-39.912982,32.588455,-6.841483
15126513,3.739700,-2.039768,3.464874,1.856728,-2.214182,12.293019,0.100883,0.006768,0.006031,3.533664,-8.190241,6.648221,-3.341310,-30.720350,25.631908,-8.136369
15181643,6.015995,-3.920584,3.258737,18.196514,-15.497551,9.928074,0.100883,0.006768,0.006031,3.730394,-8.190241,6.648221,-3.341310,-30.720350,25.631908,-8.136369
15263513,5.000468,-3.081288,3.357260,10.487764,-8.849076,11.100752,0.100883,0.006768,0.006031,4.179554,-9.942488,8.123658,-3.186931,-39.939559,33.098316,-6.856519
15321513,8.617702,-5.999886,3.044047,31.169212,-25.338569,8.188315,0.100883,0.006768,0.006031,3.539335,-9.942488,8.123658,-3.186931,-39.939559,33.098316,-6.856519
15376513,5.107911,-3.114798,3.410650,9.830976,-7.634770,11.350541,0.100883,0.006768,0.006031,3.826281,-10.850821,8.779418,-3.134686,-43.351394,35.010746,-6.476881
15457513,4.654807,-2.691961,3.436656,9.229627,-6.661791,11.406527,0.100883,0.006768,0.006031,3.961205,-8.168110,6.506796,-3.426073,-29.971834,23.411287,-8.454818
15515577,8.245512,-5.467116,3.105279,31.043382,-23.628768,8.283380,0.100883,0.006768,0.006031,3.737209,-8.168110,6.506796,-3.426073,-29.971834,23.411287,-8.454818
15569513,5.079058,-2.966325,3.431495,10.995127,-7.886024,11.207851,0.100883,0.006768,0.006031,3.878107,-10.362315,8.087668,-3.207808,-42.855010,32.849597,-6.639221
15623513,8.642041,-5.716696,3.084320,31.886445,-24.221006,8.202239,0.100883,0.006768,0.006031,3.648089,-10.362315,8.087668,-3.207808,-42.855010,32.849597,-6.639221
15681513,5.112283,-2.988244,3.503770,9.530055,-7.123389,11.502064,0.100883,0.006768,0.006031,3.814156,-10.910366,8.456419,-3.228096,-43.608604,33.501041,-6.650957
15737577,3.746161,-1.940899,3.631486,0.984823,-0.755924,12.684771,0.100883,0.006768,0.006031,3.611994,-8.333946,6.490281,-3.521849,-30.802417,23.884471,-8.481239
15791577,6.066337,-3.775629,3.400107,18.372211,-14.567545,10.129824,0.100883,0.006768,0.006031,3.733422,-8.333946,6.490281,-3.521849,-30.802417,23.884471,-8.481239
15848577,4.023644,-2.192473,3.623041,2.118786,-2.014727,12.521956,0.100883,0.006768,0.006031,3.335931,-10.332809,8.149544,-3.315588,-42.530811,33.827484,-6.726243
15903513,6.435492,-4.139425,3.426652,19.238121,-15.795002,10.061534,0.100883,0.006768,0.006031,3.442434,-10.332809,8.149544,-3.315588,-42.530811,33.827484,-6.726243
15957513,4.643954,-2.746562,3.549610,9.364501,-8.173769,11.367240,0.100883,0.006768,0.006031,3.823520,-8.268632,6.611744,-3.525038,-31.892133,25.977754,-8.179236
16014643,8.261677,-5.702821,3.197840,31.494998,-26.117891,8.137729,0.100883,0.006768,0.006031,3.771404,-8.268632,6.611744,-3.525038,-31.892133,25.977754,-8.179236
16068513,5.064095,-3.121533,3.515575,10.657690,-9.175140,11.201636,0.100883,0.006768,0.006031,3.683324,-10.577466,8.580345,-3.268003,-44.774696,36.880966,-6.209509
16122577,8.694380,-6.068864,3.145832,32.241722,-26.490024,8.045125,0.100883,0.006768,0.006031,3.630169,-10.577466,8.580345,-3.268003,-44.774696,36.880966,-6.209509
16180577,5.210035,-3.218267,3.519804,10.137656,-8.233106,11.342564,0.100883,0.006768,0.006031,4.012125,-11.205304,9.087595,-3.230468,-45.723495,37.285964,-6.152613
16262577,4.678095,-2.760217,3.590436,9.097516,-7.098205,11.493796,0.100883,0.006768,0.006031,4.037223,-8.254311,6.643367,-3.576053,-30.573177,24.438125,-8.401826
16316577,8.059919,-5.455504,3.262372,30.191951,-23.971954,8.391576,0.100883,0.006768,0.006031,3.291279,-8.254311,6.643367,-3.576053,-30.573177,24.438125,-8.401826
16385513,5.051344,-3.049062,3.712642,9.462844,-7.497849,11.641201,0.100883,0.006768,0.006031,4.151016,-11.028544,8.816215,-3.441171,-45.133037,35.964439,-6.475950
16442513,3.838464,-2.082301,3.765649,2.000740,-1.611177,12.602864,0.100883,0.006768,0.006031,3.930072,-8.810344,7.047672,-3.628196,-34.651371,27.726114,-7.842570
16497513,6.403791,-4.130064,3.479938,21.027791,-16.761058,9.721936,0.100883,0.006768,0.006031,3.852503,-8.810344,7.047672,-3.628196,-34.651371,27.726114,-7.842570
16552643,4.335005,-2.349626,3.665499,3.908237,-2.109745,12.294357,0.100883,0.006768,0.006031,3.626231,-10.804232,8.746116,-3.313609,-47.107761,37.304603,-5.934346
16607577,7.074600,-4.435873,3.383526,23.210119,-17.015075,9.457548,0.100883,0.006768,0.006031,3.866632,-10.804232,8.746116,-3.313609,-47.107761,37.304603,-5.934346
16662577,4.923764,-2.795109,3.572728,10.297682,-7.252304,11.269848,0.100883,0.006768,0.006031,3.805061,-8.939973,6.841451,-3.507438,-35.630748,26.594163,-7.647601
16718577,8.818449,-5.786238,3.148408,34.508533,-26.055221,7.693177,0.100883,0.006768,0.006031,3.698631,-8.939973,6.841451,-3.507438,-35.630748,26.594163,-7.647601
16776643,5.359429,-3.028096,3.557967,10.711476,-7.398881,11.274076,0.100883,0.006768,0.006031,3.797515,-11.103299,8.676538,-3.279011,-47.689167,36.325809,-5.895229
16830643,9.372927,-6.127249,3.098965,35.284759,-26.747465,7.599078,0.100883,0.006768,0.006031,3.975141,-11.103299,8.676538,-3.279011,-47.689167,36.325809,-5.895229
16885643,5.567149,-3.203260,3.449788,10.765110,-8.227273,11.091314,0.100883,0.006768,0.006031,3.937175,-11.772148,9.124655,-3.146427,-49.681903,38.091396,-5.512231
16942513,3.993041,-2.000008,3.619193,-0.154526,-0.097807,12.680749,0.100883,0.006768,0.006031,3.202960,-8.728234,6.831201,-3.472896,-32.846107,25.860143,-7.939098
16997577,6.504166,-4.015365,3.330578,19.616544,-15.964436,9.690424,0.100883,0.006768,0.006031,3.850569,-8.728234,6.831201,-3.472896,-32.846107,25.860143,-7.939098
17052643,4.275485,-2.274045,3.530941,1.160213,-1.548672,12.392318,0.100883,0.006768,0.006031,3.097882,-10.831189,8.640718,-3.171743,-45.816604,37.073268,-5.883776
17108643,6.913992,-4.436076,3.263761,20.839481,-17.524013,9.480428,0.100883,0.006768,0.006031,3.726944,-10.831189,8.640718,-3.171743,-45.816604,37.073268,-5.883776
17162577,4.891701,-2.829006,3.418985,9.129840,-8.135413,11.123518,0.100883,0.006768,0.006031,4.036018,-8.528923,6.903388,-3.378339,-33.304771,27.618436,-7.649178
17218577,8.628078,-5.880120,3.020210,32.887825,-27.273403,7.653484,0.100883,0.006768,0.006031,3.749466,-8.528923,6.903388,-3.378339,-33.304771,27.618436,-7.649178
17275774,5.296506,-3.148689,3.365697,10.139609,-8.412263,11.042733,0.100883,0.006768,0.006031,4.021485,-11.035686,8.979359,-3.083509,-47.420688,38.952152,-5.617820
17356513,4.844908,-2.752676,3.365294,9.003302,-7.091122,11.168297,0.100883,0.006768,0.006031,4.007326,-8.415632,6.798624,-3.332435,-32.825531,26.486818,-7.756392
17410513,8.488087,-5.644065,2.962275,32.543590,-25.737855,7.690866,0.100883,0.006768,0.006031,3.648434,-8.415632,6.798624,-3.332435,-32.825531,26.486818,-7.756392
17467513,5.219058,-2.998715,3.324508,10.113608,-7.531496,11.082831,0.100883,0.006768,0.006031,3.979243,-10.726873,8.551655,-3.073454,-46.059619,36.378822,-5.834251
17521643,9.076577,-6.001578,2.910830,34.317092,-26.402130,7.517992,0.100883,0.006768,0.006031,3.609174,-10.726873,8.551655,-3.073454,-46.059619,36.378822,-5.834251
17577513,5.418647,-3.090973,3.278852,10.552936,-7.470171,11.038692,0.100883,0.006768,0.006031,4.009160,-11.445304,8.970293,-2.962740,-48.770973,37.610267,-5.463085
17634513,3.988629,-1.965212,3.412515,0.775761,0.064758,12.460531,0.100883,0.006768,0.006031,3.375888,-8.850035,6.853442,-3.237426,-35.194183,26.642784,-7.470719
17688643,6.405122,-3.818709,3.179582,19.895881,-14.874082,9.651627,0.100883,0.006768,0.006031,3.534962,-8.850035,6.853442,-3.237426,-35.194183,26.642784,-7.470719
17770513,5.306281,-3.000848,3.266959,10.827240,-8.414963,10.938045,0.100883,0.006768,0.006031,3.888821,-10.885855,8.432086,-2.992255,-47.702922,36.809188,-5.617815
17825513,9.240808,-6.099932,2.855992,35.420139,-27.875591,7.364565,0.100883,0.006768,0.006031,3.768076,-10.885855,8.432086,-2.992255,-47.702922,36.809188,-5.617815
17882513,5.311979,-3.049850,3.297284,8.722581,-7.169426,11.307675,0.100883,0.006768,0.006031,3.845664,-11.669334,9.149036,-2.917774,-49.480045,38.997749,-5.445289
17963577,4.740838,-2.619385,3.340035,7.517252,-6.238596,11.449567,0.100883,0.006768,0.006031,3.863782,-8.384149,6.627158,-3.268049,-31.810165,25.389701,-7.991648
18017382,8.428815,-5.543881,2.923854,32.423488,-25.864101,7.764803,0.100883,0.006768,0.006031,3.763642,-8.384149,6.627158,-3.268049,-31.810165,25.389701,-7.991648
18074643,5.187933,-2.967491,3.278236,9.866359,-7.830855,11.128721,0.100883,0.006768,0.006031,3.954580,-10.808100,8.561816,-2.982142,-47.226539,37.492630,-5.710272
18155513,4.776052,-2.632606,3.305134,9.108118,-7.124222,11.216954,0.100883,0.006768,0.006031,3.860713,-8.381465,6.620152,-3.216571,-33.801425,26.659992,-7.658841
18210513,8.576215,-5.625021,2.902858,34.069099,-26.792751,7.571889,0.100883,0.006768,0.006031,3.740883,-8.381465,6.620152,-3.216571,-33.801425,26.659992,-7.658841
18268577,5.191638,-2.944897,3.305854,9.934920,-7.628774,11.215243,0.100883,0.006768,0.006031,3.512316,-11.164673,8.791542,-2.900867,-50.079071,39.331188,-5.299596
18322577,9.001939,-5.894496,2.942801,34.249652,-26.372619,7.746971,0.100883,0.006768,0.006031,3.699620,-11.164673,8.791542,-2.900867,-50.079071,39.331188,-5.299596
18377513,5.190222,-2.885698,3.368856,8.981557,-6.318204,11.484943,0.100883,0.006768,0.006031,3.953892,-11.184410,8.702680,-3.034631,-47.523181,36.567893,-5.952792
18434513,3.862868,-1.837055,3.498582,0.077541,0.715803,12.757263,0.100883,0.006768,0.006031,3.450642,-8.644415,6.620055,-3.283935,-34.744216,25.938819,-7.814055
18489643,6.408038,-3.731958,3.263293,20.818962,-14.959367,9.781373,0.100883,0.006768,0.006031,3.889221,-8.644415,6.620055,-3.283935,-34.744216,25.938819,-7.814055
18570513,5.477694,-3.013138,3.268760,12.693731,-8.962679,10.820768,0.100883,0.006768,0.006031,4.180922,-11.356977,8.570998,-2.961637,-52.309650,38.867820,-5.217379
18627513,4.056664,-1.949403,3.388884,1.370220,-0.736538,12.410955,0.100883,0.006768,0.006031,3.502385,-9.239484,6.967515,-3.137557,-39.411777,29.367647,-6.985611
18681643,6.706375,-3.972336,3.105525,22.360233,-16.964344,9.329931,0.100883,0.006768,0.006031,3.732051,-9.239484,6.967515,-3.137557,-39.411777,29.367647,-6.985611
18762513,5.467824,-3.099157,3.166832,11.157537,-9.221091,10.850189,0.100883,0.006768,0.006031,4.101278,-11.527815,8.821820,-2.821068,-52.217334,40.259239,-4.999486
18819513,9.585355,-6.372396,2.764907,36.861568,-29.672330,7.160960,0.100883,0.006768,0.006031,3.341441,-11.527815,8.821820,-2.821068,-52.217334,40.259239,-4.999486
18874577,5.331809,-3.097163,3.217847,7.998442,-7.481246,11.368246,0.100883,0.006768,0.006031,3.829368,-12.035393,9.460679,-2.761877,-51.838497,41.567218,-5.033111
18956513,4.807084,-2.737278,3.220920,7.576976,-7.228809,11.331954,0.100883,0.006768,0.006031,3.931181,-8.770873,7.036201,-3.070640,-34.397567,28.629783,-7.461709
19014513,8.667101,-5.897741,2.852283,33.677444,-28.245523,7.543667,0.100883,0.006768,0.006031,3.551555,-8.770873,7.036201,-3.070640,-34.397567,28.629783,-7.461709
19069577,5.204832,-3.086724,3.198936,9.829073,-8.725763,11.076973,0.100883,0.006768,0.006031,3.904021,-11.194536,9.102862,-2.795667,-50.360382,41.679824,-5.081807
19123577,9.390394,-6.483203,2.712707,37.314796,-30.751850,6.966458,0.100883,0.006768,0.006031,3.855158,-11.194536,9.102862,-2.795667,-50.360382,41.679824,-5.081807
19180513,5.415907,-3.224339,3.117350,9.864245,-8.042870,11.064899,0.100883,0.006768,0.006031,4.007159,-12.242712,9.925637,-2.632892,-54.538864,44.451843,-4.488042
19262513,4.877183,-2.749838,3.142890,8.912836,-6.812899,11.184594,0.100883,0.006768,0.006031,4.074397,-8.786380,7.048599,-2.996333,-35.384513,28.229846,-7.350258
19316513,8.524618,-5.609942,2.783195,33.649345,-26.204597,7.639963,0.100883,0.006768,0.006031,3.452664,-8.786380,7.048599,-2.996333,-35.384513,28.229846,-7.350258
19371513,5.155570,-2.905760,3.137391,9.843053,-7.038520,11.152023,0.100883,0.006768,0.006031,3.888267,-10.956045,8.641728,-2.763661,-49.552448,38.633953,-5.390752
19432577,3.807041,-1.826891,3.327982,-0.508095,1.172115,12.772264,0.100883,0.006768,0.006031,3.495373,-8.946332,6.939833,-3.034350,-37.869396,28.666919,-7.200199
19487513,6.524536,-3.880882,3.032642,22.051574,-16.104621,9.438302,0.100883,0.006768,0.006031,3.772392,-8.946332,6.939833,-3.034350,-37.869396,28.666919,-7.200199
19569577,5.416462,-3.029849,3.084813,11.832172,-8.606885,10.851527,0.100883,0.006768,0.006031,4.078281,-11.712409,8.969649,-2.659322,-54.803466,41.418281,-4.652637
19626513,3.916274,-1.901914,3.245793,-0.200214,0.094126,12.606696,0.100883,0.006768,0.006031,3.300381,-9.056072,6.983711,-2.943534,-38.390468,29.560903,-7.000448
19680643,6.502439,-3.959332,2.971648,21.453552,-17.254295,9.354542,0.100883,0.006768,0.006031,3.790093,-9.056072,6.983711,-2.943534,-38.390468,29.560903,-7.000448
19762513,5.178304,-3.001955,3.116986,9.447731,-8.532886,11.153965,0.100883,0.006768,0.006031,3.841404,-11.219761,8.877635,-2.689738,-51.111282,41.132259,-5.001995
19819513,9.250760,-6.338690,2.729147,36.300746,-30.314380,7.211217,0.100883,0.006768,0.006031,3.517568,-11.219761,8.877635,-2.689738,-51.111282,41.132259,-5.001995
19874513,5.251075,-3.131508,3.160524,8.954771,-8.253733,11.303322,0.100883,0.006768,0.006031,3.919493,-11.797493,9.565280,-2.652410,-52.497318,43.444301,-4.831770
19956513,4.858356,-2.822390,3.168436,9.396350,-8.232293,11.183525,0.100883,0.006768,0.006031,4.112137,-8.689229,7.108300,-3.001671,-35.753711,29.898202,-7.288155
20014643,8.965389,-6.148322,2.776383,37.149253,-30.361808,7.137870,0.100883,0.006768,0.006031,3.502986,-8.689229,7.108300,-3.001671,-35.753711,29.898202,-7.288155
20068643,5.249292,-3.074241,3.180013,10.568335,-8.114203,11.180023,0.100883,0.006768,0.006031,4.109874,-11.376890,9.226547,-2.745877,-52.574661,42.611370,-4.927371
20122513,9.307541,-6.269375,2.764824,37.310997,-29.156116,7.249711,0.100883,0.006768,0.006031,3.426928,-11.376890,9.226547,-2.745877,-52.574661,42.611370,-4.927371
20179643,5.213572,-2.978452,3.259410,8.374824,-5.953064,11.660573,0.100883,0.006768,0.006031,3.893352,-11.890495,9.438458,-2.759087,-52.745265,41.377483,-5.102060
20261577,4.811938,-2.651063,3.280961,8.878079,-6.612036,11.489623,0.100883,0.006768,0.006031,3.986184,-8.723903,6.864833,-3.110674,-36.026512,27.881015,-7.572406
20315577,8.786929,-5.786083,2.851411,36.532722,-28.588317,7.365850,0.100883,0.006768,0.006031,3.484754,-8.723903,6.864833,-3.110674,-36.026512,27.881015,-7.572406
20372577,5.389157,-3.121303,3.188441,11.524194,-9.027535,11.030911,0.100883,0.006768,0.006031,4.323483,-11.617080,9.156821,-2.773402,-54.640666,42.964580,-4.756557
20431643,3.941328,-1.979753,3.357283,-0.360901,0.366150,12.831637,0.100883,0.006768,0.006031,3.550080,-9.399384,7.425162,-2.996268,-41.076293,32.402797,-6.720574
20485577,6.668963,-4.127286,3.054330,22.789699,-17.844974,9.331904,0.100883,0.006768,0.006031,3.881815,-9.399384,7.425162,-2.996268,-41.076293,32.402797,-6.720574
20542513,4.292153,-2.243573,3.299431,0.204674,0.130009,12.759777,0.100883,0.006768,0.006031,3.181603,-12.042230,9.476568,-2.678820,-56.658485,44.366813,-4.366506
20598513,7.262986,-4.545526,2.992125,24.446434,-18.677692,9.147643,0.100883,0.006768,0.006031,3.776287,-12.042230,9.476568,-2.678820,-56.658485,44.366813,-4.366506
20653513,5.035115,-2.781627,3.188319,10.255167,-7.427202,11.185521,0.100883,0.006768,0.006031,4.185504,-9.287259,7.241902,-2.986435,-40.186103,30.849693,-6.862557
20710513,9.256936,-6.047124,2.771428,38.808067,-29.737068,7.003901,0.100883,0.006768,0.006031,3.323858,-9.287259,7.241902,-2.986435,-40.186103,30.849693,-6.862557
20764513,5.281500,-2.982757,3.199186,9.446342,-7.311801,11.353930,0.100883,0.006768,0.006031,3.626055,-12.037901,9.344246,-2.645647,-56.825534,43.908752,-4.343980
20819643,9.606971,-6.383450,2.730709,38.726390,-30.446575,6.972545,0.100883,0.006768,0.006031,3.517052,-12.037901,9.344246,-2.645647,-56.825534,43.908752,-4.343980
20877513,5.405405,-3.122002,3.190528,8.822920,-7.307984,11.420942,0.100883,0.006768,0.006031,3.955741,-12.636507,9.902348,-2.623162,-57.489921,45.297588,-4.261266
20958643,4.870772,-2.726814,3.207492,8.355031,-7.052466,11.388296,0.100883,0.006768,0.006031,3.961419,-9.030457,7.139172,-2.985420,-37.512039,30.020799,-7.144395
21013513,9.143772,-6.130518,2.711004,38.996025,-31.309156,6.752687,0.100883,0.006768,0.006031,3.928053,-9.030457,7.139172,-2.985420,-37.512039,30.020799,-7.144395
21067513,5.367202,-3.120358,3.097156,10.810334,-8.701533,10.989009,0.100883,0.006768,0.006031,3.819411,-11.923113,9.472105,-2.593284,-57.349594,45.766517,-4.047877
21125643,3.942124,-1.978784,3.243780,-0.784374,0.707977,12.746314,0.100883,0.006768,0.006031,3.503781,-9.430223,7.457269,-2.839021,-41.681461,32.911453,-6.424257
21179643,6.714453,-4.155197,2.929243,23.324981,-18.257217,9.101263,0.100883,0.006768,0.006031,3.950547,-9.430223,7.457269,-2.839021,-41.681461,32.911453,-6.424257
21261577,5.330112,-3.066936,3.072298,10.067052,-7.961570,11.096770,0.100883,0.006768,0.006031,4.024046,-11.826096,9.315795,-2.567343,-55.884338,43.980251,-4.368578
21319643,9.789820,-6.602766,2.634925,39.909080,-31.691520,6.746443,0.100883,0.006768,0.006031,3.517919,-11.826096,9.315795,-2.567343,-55.884338,43.980251,-4.368578
21373643,5.232142,-3.022420,3.141065,7.340160,-6.230830,11.596808,0.100883,0.006768,0.006031,3.838649,-12.427573,9.838070,-2.547689,-56.404281,44.900829,-4.382500
21431513,3.828248,-1.925578,3.269933,-2.521538,1.404655,13.019463,0.100883,0.006768,0.006031,3.703808,-9.156714,7.335528,-2.892470,-38.780296,31.593284,-6.910203
21486643,6.482824,-4.097652,2.992214,21.552188,-18.072376,9.391427,0.100883,0.006768,0.006031,3.948081,-9.156714,7.335528,-2.892470,-38.780296,31.593284,-6.910203
21568513,5.270313,-3.123083,3.079612,10.291828,-8.745343,11.058345,0.100883,0.006768,0.006031,3.968267,-11.893992,9.632482,-2.557071,-57.406776,46.895740,-4.076901
21623513,9.533810,-6.569870,2.640733,39.408428,-32.090499,6.774534,0.100883,0.006768,0.006031,3.619591,-11.893992,9.632482,-2.557071,-57.406776,46.895740,-4.076901
21680708,5.303668,-3.122689,3.104151,8.634016,-6.837775,11.420260,0.100883,0.006768,0.006031,3.968647,-12.629484,10.203893,-2.484008,-58.712467,47.551353,-3.977016
21761577,4.849920,-2.709764,3.102875,8.945168,-6.543080,11.311827,0.100883,0.006768,0.006031,3.807970,-9.095222,7.266178,-2.827443,-39.373378,31.115249,-6.797290
21817577,9.211641,-6.103700,2.630088,40.407203,-31.083820,6.635346,0.100883,0.006768,0.006031,3.792141,-9.095222,7.266178,-2.827443,-39.373378,31.115249,-6.797290
21876577,5.443833,-3.109533,3.041462,11.448327,-8.107103,10.990396,0.100883,0.006768,0.006031,4.138168,-12.473139,9.771449,-2.453465,-61.106258,47.249092,-3.651458
21957577,4.975378,-2.718102,3.048119,10.034042,-7.083308,11.122423,0.100883,0.006768,0.006031,3.947541,-9.374838,7.264787,-2.761910,-42.004871,31.901044,-6.461889
22012577,9.283053,-6.028414,2.583596,40.356407,-30.599082,6.675565,0.100883,0.006768,0.006031,3.577874,-9.374838,7.264787,-2.761910,-42.004871,31.901044,-6.461889
22070577,5.271428,-2.941974,3.063441,9.317016,-6.840726,11.319896,0.100883,0.006768,0.006031,3.976764,-12.120411,9.340795,-2.492848,-57.986022,44.256450,-4.230698
22124513,9.705459,-6.376692,2.577241,40.278022,-30.981601,6.762097,0.100883,0.006768,0.006031,3.655293,-12.120411,9.340795,-2.492848,-57.986022,44.256450,-4.230698
22179513,5.200956,-2.915485,3.081669,7.238904,-5.710897,11.630001,0.100883,0.006768,0.006031,3.747638,-12.524776,9.698422,-2.464131,-58.022006,44.865341,-4.255379
22237513,3.699456,-1.758369,3.273703,-3.872169,2.855137,13.309342,0.100883,0.006768,0.006031,3.214644,-8.913302,6.955759,-2.898442,-37.383972,29.339290,-7.297224
22291577,6.471998,-3.929127,2.942741,22.180145,-17.416574,9.378686,0.100883,0.006768,0.006031,3.786636,-8.913302,6.955759,-2.898442,-37.383972,29.339290,-7.297224
22372577,5.138817,-2.882137,3.102772,9.853539,-7.645771,11.254637,0.100883,0.006768,0.006031,4.018501,-11.462195,8.954922,-2.600962,-55.374595,43.249183,-4.627355
22436513,3.725183,-1.781733,3.348392,-2.540565,1.953865,13.226847,0.100883,0.006768,0.006031,3.546108,-9.459830,7.395271,-2.927410,-42.623481,33.362987,-6.629706
22490446,6.495302,-3.965048,3.049170,22.678520,-17.958379,9.449259,0.100883,0.006768,0.006031,3.894153,-9.459830,7.395271,-2.927410,-42.623481,33.362987,-6.629706
22571577,5.114126,-2.908350,3.213536,9.374945,-7.790950,11.430540,0.100883,0.006768,0.006031,3.720286,-11.757174,9.261751,-2.656475,-57.391860,45.472766,-4.407535
22652577,4.851689,-2.720717,3.185729,10.031985,-8.360652,11.218106,0.100883,0.006768,0.006031,3.972308,-9.055759,7.184485,-2.924881,-41.398193,33.177806,-6.668006
22710577,9.262590,-6.245501,2.770714,41.037261,-33.016120,6.728528,0.100883,0.006768,0.006031,3.383414,-9.055759,7.184485,-2.924881,-41.398193,33.177806,-6.668006
22765513,5.198229,-3.007594,3.215799,9.425285,-7.788815,11.428057,0.100883,0.006768,0.006031,3.682539,-12.444118,9.922428,-2.577107,-62.040763,49.782268,-3.656407
22819513,9.583959,-6.508050,2.751424,40.334335,-32.354297,6.836346,0.100883,0.006768,0.006031,3.494625,-12.444118,9.922428,-2.577107,-62.040763,49.782268,-3.656407
22877513,5.390037,-3.145428,3.203748,9.654277,-7.605413,11.427389,0.100883,0.006768,0.006031,4.329588,-12.725422,10.143986,-2.613234,-60.213882,48.038150,-3.989927
22958577,4.892813,-2.727731,3.232306,9.430129,-7.208033,11.396329,0.100883,0.006768,0.006031,4.009164,-9.243682,7.318195,-2.940163,-41.037372,32.303546,-6.773993
23012643,9.354612,-6.256824,2.719328,42.199356,-33.299549,6.497007,0.100883,0.006768,0.006031,3.588445,-9.243682,7.318195,-2.940163,-41.037372,32.303546,-6.773993
23069643,5.252694,-3.040961,3.211273,9.387626,-7.798853,11.410530,0.100883,0.006768,0.006031,4.097054,-12.181949,9.643657,-2.634686,-59.733291,47.377719,-4.051327
23123643,9.719411,-6.657798,2.721619,41.088012,-33.534957,6.674481,0.100883,0.006768,0.006031,3.547016,-12.181949,9.643657,-2.634686,-59.733291,47.377719,-4.051327
23177577,5.389367,-3.223525,3.138061,9.062953,-8.234953,11.322036,0.100883,0.006768,0.006031,4.137369,-12.817730,10.317127,-2.530633,-61.675354,50.230434,-3.624106
23234513,3.808452,-1.956053,3.316776,-3.519154,2.065693,13.224266,0.100883,0.006768,0.006031,3.500257,-9.311710,7.601644,-2.931525,-40.811035,34.029464,-6.652586
23289577,6.587810,-4.250805,3.010470,22.796726,-19.284132,9.234928,0.100883,0.006768,0.006031,3.824980,-9.311710,7.601644,-2.931525,-40.811035,34.029464,-6.652586
23370513,5.248763,-3.120985,3.119024,9.816867,-7.998080,11.202677,0.100883,0.006768,0.006031,3.902589,-12.248963,10.011303,-2.531645,-61.163208,50.236217,-3.520979
23428513,3.810985,-1.923844,3.284563,-2.023201,2.120148,13.035828,0.100883,0.006768,0.006031,3.650574,-9.448919,7.620554,-2.868501,-43.561721,34.747383,-6.252412
23483643,6.641990,-4.121910,2.999213,24.087863,-18.194467,9.169647,0.100883,0.006768,0.006031,3.755652,-9.448919,7.620554,-2.868501,-43.561721,34.747383,-6.252412
23565513,5.289372,-2.979286,3.136215,10.371927,-6.822393,11.280495,0.100883,0.006768,0.006031,3.764048,-12.528528,9.822504,-2.504117,-63.437561,48.816246,-3.357752
23622513,9.986870,-6.581857,2.671186,43.428565,-32.619789,6.410178,0.100883,0.006768,0.006031,3.363447,-12.528528,9.822504,-2.504117,-63.437561,48.816246,-3.357752
23676513,5.408001,-3.066150,3.136655,9.546363,-6.970924,11.356062,0.100883,0.006768,0.006031,4.223047,-13.009627,10.054852,-2.544674,-62.907295,47.974895,-3.572783
23758643,4.878851,-2.708652,3.178615,8.827795,-7.320472,11.348664,0.100883,0.006768,0.006031,3.775031,-9.374014,7.319477,-2.875977,-42.236129,33.015243,-6.426384
23815708,9.385945,-6.331120,2.722065,42.010162,-33.992927,6.421840,0.100883,0.006768,0.006031,3.370200,-9.374014,7.319477,-2.875977,-42.236129,33.015243,-6.426384
23870643,5.333024,-3.141380,3.146775,10.536378,-9.181367,11.112189,0.100883,0.006768,0.006031,4.266782,-12.352877,9.856299,-2.592247,-61.931575,49.978710,-3.483504
23953577,4.880809,-2.788554,3.190439,9.252990,-7.845791,11.300858,0.100883,0.006768,0.006031,3.788945,-9.522055,7.669000,-2.893902,-44.315162,36.163230,-6.058508
24010577,9.601820,-6.574905,2.686555,43.885147,-35.407119,6.161666,0.100883,0.006768,0.006031,3.614486,-9.522055,7.669000,-2.893902,-44.315162,36.163230,-6.058508
24065513,5.285382,-3.083086,3.162841,9.503700,-7.494744,11.338536,0.100883,0.006768,0.006031,3.953647,-12.765804,10.244429,-2.555113,-64.531097,51.801368,-3.162712
24119577,9.786769,-6.667564,2.682906,41.920143,-33.365966,6.509087,0.100883,0.006768,0.006031,3.540421,-12.765804,10.244429,-2.555113,-64.531097,51.801368,-3.162712
24178643,5.217715,-3.034735,3.231367,7.004266,-5.817818,11.790480,0.100883,0.006768,0.006031,3.965840,-13.039546,10.409750,-2.597887,-62.266727,49.723648,-3.587776
24259577,4.771334,-2.720618,3.226765,8.184351,-7.271075,11.448332,0.100883,0.006768,0.006031,3.949248,-9.195205,7.406443,-2.976420,-41.016170,33.445278,-6.585584
24313577,9.030431,-6.207963,2.771044,40.658809,-33.658706,6.559233,0.100883,0.006768,0.006031,3.628128,-9.195205,7.406443,-2.976420,-41.016170,33.445278,-6.585584
24369513,5.036133,-2.957015,3.273915,8.673164,-7.452392,11.510845,0.100883,0.006768,0.006031,3.563161,-11.921543,9.713891,-2.694848,-60.180744,49.523693,-3.693906
24427577,3.655322,-1.820588,3.467758,-2.838104,2.274113,13.327751,0.100883,0.006768,0.006031,3.349257,-9.149263,7.442907,-3.103207,-42.493698,34.703178,-6.534542
24484513,6.712139,-4.273046,3.145808,25.714149,-20.548381,9.021906,0.100883,0.006768,0.006031,3.878500,-9.149263,7.442907,-3.103207,-42.493698,34.703178,-6.534542
24565513,5.189258,-2.994816,3.336461,9.768993,-7.140360,11.508229,0.100883,0.006768,0.006031,3.785620,-12.489189,10.024319,-2.747104,-63.974578,50.950130,-3.383044
24622643,10.131044,-6.866756,2.819498,45.347637,-35.118865,6.241688,0.100883,0.006768,0.006031,3.383893,-12.489189,10.024319,-2.747104,-63.974578,50.950130,-3.383044
24677513,5.305489,-3.027407,3.358781,8.331925,-5.696675,11.781632,0.100883,0.006768,0.006031,3.871434,-13.361866,10.534086,-2.716300,-66.000816,51.425144,-3.251245
24760643,4.841377,-2.630356,3.410468,8.715796,-6.018099,11.667741,0.100883,0.006768,0.006031,3.742916,-9.470692,7.381966,-3.139063,-43.527896,33.194335,-6.537148
24818577,9.942645,-6.603077,2.851896,47.334983,-36.505584,5.892475,0.100883,0.006768,0.006031,3.831140,-9.470692,7.381966,-3.139063,-43.527896,33.194335,-6.537148
24872513,5.456009,-3.170538,3.301594,11.008271,-9.137831,11.155719,0.100883,0.006768,0.006031,4.190293,-13.247550,10.344853,-2.698832,-69.088607,53.911678,-2.676203
24954643,5.019370,-2.929698,3.292728,10.040637,-9.484566,11.111371,0.100883,0.006768,0.006031,4.249133,-9.625451,7.706537,-3.061081,-45.092899,36.955204,-6.014074
25012513,9.979994,-7.056674,2.744655,46.454925,-39.400428,5.631642,0.100883,0.006768,0.006031,3.546473,-9.625451,7.706537,-3.061081,-45.092899,36.955204,-6.014074
25066643,5.414025,-3.325544,3.208349,9.678145,-9.146563,11.153750,0.100883,0.006768,0.006031,4.135799,-13.334701,10.984385,-2.593047,-68.745788,57.649158,-2.299831
25121513,10.169102,-7.279078,2.674122,44.500774,-37.631553,5.878555,0.100883,0.006768,0.006031,3.626864,-13.334701,10.984385,-2.593047,-68.745788,57.649158,-2.299831
25178513,5.344832,-3.242264,3.211890,7.494042,-6.222705,11.587532,0.100883,0.006768,0.006031,4.220303,-13.508835,11.185194,-2.562400,-65.618415,54.777568,-2.797146
25260643,4.889649,-2.791910,3.218622,9.148143,-6.545675,11.291679,0.100883,0.006768,0.006031,4.189033,-9.323854,7.596216,-2.990542,-41.941322,33.797637,-6.367412
25314643,9.613678,-6.497529,2.662682,45.466285,-35.144886,5.766954,0.100883,0.006768,0.006031,3.442397,-9.323854,7.596216,-2.990542,-41.941322,33.797637,-6.367412
25371643,5.363777,-3.065486,3.150766,10.575060,-6.980321,11.145685,0.100883,0.006768,0.006031,4.165545,-12.892336,10.196213,-2.575427,-66.648094,51.732971,-2.698436
25452513,4.890209,-2.623328,3.190184,9.657725,-6.005851,11.258084,0.100883,0.006768,0.006031,3.859755,-9.479502,7.329837,-2.949528,-44.746700,33.442302,-6.058748
25514513,10.234031,-6.661940,2.641910,48.737422,-36.100318,5.511258,0.100883,0.006768,0.006031,3.537344,-9.479502,7.329837,-2.949528,-44.746700,33.442302,-6.058748
25573577,5.348275,-2.966547,3.220451,8.179911,-5.755650,11.554102,0.100883,0.006768,0.006031,4.017855,-14.069121,10.711453,-2.503844,-72.169601,54.284431,-2.185684
25654577,4.785448,-2.560798,3.238955,7.210787,-5.557164,11.575068,0.100883,0.006768,0.006031,3.714089,-9.578999,7.342728,-2.955097,-43.858654,33.464321,-6.263705
25708513,9.251075,-6.070460,2.741791,41.831573,-32.984931,6.424268,0.100883,0.006768,0.006031,3.421750,-9.578999,7.342728,-2.955097,-43.858654,33.464321,-6.263705
25765513,5.113387,-2.919814,3.195242,7.619447,-7.207428,11.477702,0.100883,0.006768,0.006031,3.923456,-12.640528,9.891560,-2.629808,-64.701927,51.243114,-3.104866
25820577,10.002265,-6.925218,2.626365,44.511383,-37.279678,5.874808,0.100883,0.006768,0.006031,3.669423,-12.640528,9.891560,-2.629808,-64.701927,51.243114,-3.104866
25875513,5.102884,-3.016654,3.196956,6.382781,-6.664673,11.685872,0.100883,0.006768,0.006031,3.836945,-12.907959,10.447718,-2.559244,-63.497707,52.597270,-3.109737
25957513,4.794516,-2.727221,3.193189,9.682084,-7.897875,11.191256,0.100883,0.006768,0.006031,4.191848,-9.192786,7.495242,-2.976094,-42.624008,35.455375,-6.170906
26014513,9.745373,-6.615908,2.654546,47.551288,-37.340053,5.510985,0.100883,0.006768,0.006031,3.321989,-9.192786,7.495242,-2.976094,-42.624008,35.455375,-6.170906
26068643,5.331374,-3.043541,3.158676,11.129982,-7.832252,11.146806,0.100883,0.006768,0.006031,3.790727,-13.034048,10.328529,-2.529647,-69.604949,54.617748,-2.236375
26123513,10.447176,-7.016407,2.566868,48.718696,-37.450527,5.445993,0.100883,0.006768,0.006031,3.452778,-13.034048,10.328529,-2.529647,-69.604949,54.617748,-2.236375
26180513,5.407073,-3.104603,3.152088,7.900760,-6.220544,11.564385,0.100883,0.006768,0.006031,3.788244,-14.107787,11.016025,-2.401837,-71.842971,55.771026,-2.062953
26262643,4.866695,-2.559409,3.226243,8.881246,-4.818349,11.496962,0.388094,-0.031327,-0.851479,3.942776,-9.404170,7.294837,-2.971029,-42.855304,32.665252,-6.341576
26316643,9.779067,-5.818742,2.701743,47.558998,-29.731395,6.087760,0.394132,-0.013281,-0.839270,3.378347,-9.404170,7.294837,-2.971029,-42.855304,32.665252,-6.341576
26373643,5.451494,-2.427144,3.222033,11.835780,-0.601070,11.476066,0.292085,0.063108,-0.813297,3.715267,-13.425168,9.207703,-2.595504,-71.571914,44.719242,-2.920016
26428513,3.919420,-1.340733,3.383245,-1.786236,7.545282,13.342147,-0.136158,0.357257,-0.383076,3.272161,-9.953591,5.956202,-3.067447,-49.206954,23.488857,-6.390713
26483643,6.966602,-3.051562,3.131223,27.341957,-12.384246,9.154913,-0.564214,0.656021,0.046977,3.579735,-9.953591,5.956202,-3.067447,-49.206954,23.488857,-6.390713
26543513,4.046580,-1.579967,3.516859,-6.258057,1.842354,13.390304,-0.493655,0.571919,0.286059,2.732380,-13.189152,8.292216,-2.858329,-67.566429,43.092227,-3.607852
26597513,6.835077,-3.816454,3.247447,21.327352,-19.774196,9.459450,0.315934,0.221396,0.262430,3.709738,-13.189152,8.292216,-2.858329,-67.566429,43.092227,-3.607852
26678513,4.897669,-2.628303,3.474002,4.204706,-7.639881,11.880574,1.307083,-0.236922,0.204459,3.675452,-12.539692,9.269861,-2.925732,-61.206542,48.914665,-4.068785
26736513,3.395308,-1.524588,3.703803,-7.560451,2.099361,13.748517,2.177386,-0.669807,0.132849,3.304163,-8.618177,6.801617,-3.438735,-37.862483,33.614532,-7.219834
26791513,5.650148,-3.535182,3.578047,17.044561,-18.334835,10.114107,2.407228,-0.741244,0.151715,3.125895,-8.618177,6.801617,-3.438735,-37.862483,33.614532,-7.219834
26872513,4.531544,-2.670480,3.782548,7.156502,-9.677613,11.779300,3.002844,-0.918440,0.125165,3.452645,-10.902866,9.158887,-3.310919,-56.330619,50.602104,-4.233628
26930643,3.410345,-1.707300,3.988741,-1.747231,-0.885975,13.339180,3.113241,-0.945117,0.136770,3.095894,-8.517864,7.259636,-3.704577,-42.090370,38.222362,-6.562244
26984643,6.411677,-4.243583,3.668440,27.588827,-24.590131,8.739223,3.215791,-0.969919,0.147504,3.538303,-8.517864,7.259636,-3.704577,-42.090370,38.222362,-6.562244
27066513,5.217260,-3.102196,3.887062,12.922783,-10.245678,11.245365,3.346300,-1.004065,0.157622,3.683134,-12.113034,10.066654,-3.321732,-66.291038,55.428245,-3.025286
27124577,10.030877,-6.895191,3.494021,47.148357,-37.060783,6.404061,3.448935,-1.022963,0.147064,3.149683,-12.113034,10.066654,-3.321732,-66.291038,55.428245,-3.025286
27179513,5.037771,-2.807666,4.150193,6.801676,-3.933498,12.531367,3.590682,-1.040238,0.127521,3.540225,-12.993415,10.347808,-3.500761,-66.134315,51.839767,-3.845051
27261577,4.339814,-2.193441,4.365589,4.739600,-2.344728,12.914664,3.603903,-1.046901,0.130032,3.324834,-8.810511,6.787821,-4.154267,-40.044208,29.634992,-7.969397
27319577,8.662322,-5.501477,4.072896,39.362106,-29.532032,8.184918,3.533154,-1.038112,0.140440,3.240406,-8.810511,6.787821,-4.154267,-40.044208,29.634992,-7.969397
27374513,4.622942,-2.452836,4.577814,6.081163,-4.750543,12.851606,3.468881,-1.023191,0.147512,3.735882,-11.497780,8.821265,-4.128314,-59.330833,45.282520,-5.545498
27456577,4.084100,-2.042182,4.828756,5.186641,-3.957221,13.132836,3.350519,-1.016569,0.293562,3.343254,-8.104681,6.290812,-4.689698,-37.045368,28.777914,-8.732053
